time,signal,taskEngagement,attention,meditation
160203182845,100,11.273018,0,0,7891,11913,58086
160203182845,100,11.273018,0,0,7891,11913,58086
160203182845,100,11.273018,0,0,7891,11913,58086
160203182845,100,11.273018,0,0,7891,11913,58086
160203182846,100,55.919094,0,0,45257,26627,54306
160203182846,100,55.919094,0,0,45257,26627,54306
160203182846,100,55.919094,0,0,45257,26627,54306
160203182846,100,55.919094,0,0,45257,26627,54306
160203182847,100,29.982494,0,0,102774,119854,222926
160203182847,100,29.982494,0,0,102774,119854,222926
160203182847,100,29.982494,0,0,102774,119854,222926
160203182847,100,29.982494,0,0,102774,119854,222926
160203182848,100,11.150203,0,0,75142,57061,616846
160203182848,100,11.150203,0,0,75142,57061,616846
160203182848,100,11.150203,0,0,75142,57061,616846
160203182848,100,11.150203,0,0,75142,57061,616846
160203182849,100,4.3207684,0,0,31007,72734,644893
160203182849,100,4.3207684,0,0,31007,72734,644893
160203182849,100,4.3207684,0,0,31007,72734,644893
160203182849,100,4.3207684,0,0,31007,72734,644893
160203182850,100,25.566631,0,0,6565,4259,21419
160203182850,100,25.566631,0,0,6565,4259,21419
160203182850,100,25.566631,0,0,6565,4259,21419
160203182850,100,25.566631,0,0,6565,4259,21419
160203182852,100,35.991306,0,0,38077,24699,81096
160203182852,100,35.991306,0,0,38077,24699,81096
160203182852,100,35.991306,0,0,38077,24699,81096
160203182852,100,35.991306,0,0,38077,24699,81096
160203182853,100,140.34607,0,0,66103,27971,19129
160203182853,100,140.34607,0,0,66103,27971,19129
160203182853,100,140.34607,0,0,66103,27971,19129
160203182853,100,140.34607,0,0,66103,27971,19129
160203182855,100,9.900038,0,0,32128,52936,271588
160203182855,100,9.900038,0,0,32128,52936,271588
160203182855,100,9.900038,0,0,32128,52936,271588
160203182855,100,9.900038,0,0,32128,52936,271588
160203182856,100,65.5171,0,0,63528,59759,37205
160203182856,100,65.5171,0,0,63528,59759,37205
160203182856,100,65.5171,0,0,63528,59759,37205
160203182856,100,65.5171,0,0,63528,59759,37205
160203182857,100,32.867535,0,0,74725,74067,153285
160203182857,100,32.867535,0,0,74725,74067,153285
160203182857,100,32.867535,0,0,74725,74067,153285
160203182857,100,32.867535,0,0,74725,74067,153285
160203182858,100,54.212658,0,0,528793,304289,671116
160203182858,100,54.212658,0,0,528793,304289,671116
160203182858,100,54.212658,0,0,528793,304289,671116
160203182858,100,54.212658,0,0,528793,304289,671116
160203182859,100,16.16041,0,0,503236,1289976,1824029
160203182859,100,16.16041,0,0,503236,1289976,1824029
160203182859,100,16.16041,0,0,503236,1289976,1824029
160203182859,100,16.16041,0,0,503236,1289976,1824029
160203182900,100,39.662663,0,0,63373,61223,98557
160203182900,100,39.662663,0,0,63373,61223,98557
160203182900,100,39.662663,0,0,63373,61223,98557
160203182900,100,39.662663,0,0,63373,61223,98557
160203182901,100,11.337542,0,0,23383,33831,172413
160203182901,100,11.337542,0,0,23383,33831,172413
160203182901,100,11.337542,0,0,23383,33831,172413
160203182901,100,11.337542,0,0,23383,33831,172413
160203182902,100,8.186165,0,0,15204,26682,159046
160203182902,100,8.186165,0,0,15204,26682,159046
160203182902,100,8.186165,0,0,15204,26682,159046
160203182902,100,8.186165,0,0,15204,26682,159046
160203182903,100,8.451392,0,0,14359,30248,139653
160203182903,100,8.451392,0,0,14359,30248,139653
160203182903,100,8.451392,0,0,14359,30248,139653
160203182903,100,8.451392,0,0,14359,30248,139653
160203182904,100,51.329636,0,0,71553,32790,106609
160203182904,100,51.329636,0,0,71553,32790,106609
160203182904,100,51.329636,0,0,71553,32790,106609
160203182904,100,51.329636,0,0,71553,32790,106609
160203182905,100,7.720868,0,0,9316,19995,100665
160203182905,100,7.720868,0,0,9316,19995,100665
160203182905,100,7.720868,0,0,9316,19995,100665
160203182905,100,7.720868,0,0,9316,19995,100665
160203182906,100,6.1798935,0,0,9713,24967,132204
160203182906,100,6.1798935,0,0,9713,24967,132204
160203182906,100,6.1798935,0,0,9713,24967,132204
160203182906,100,6.1798935,0,0,9713,24967,132204
160203182907,100,50.425617,0,0,68598,54091,81947
160203182907,100,50.425617,0,0,68598,54091,81947
160203182907,100,50.425617,0,0,68598,54091,81947
160203182907,100,50.425617,0,0,68598,54091,81947
160203182908,100,8.879175,0,0,12878,19226,125810
160203182908,100,8.879175,0,0,12878,19226,125810
160203182908,100,8.879175,0,0,12878,19226,125810
160203182908,100,8.879175,0,0,12878,19226,125810
160203182909,100,17.489128,0,0,23203,32825,99846
160203182909,100,17.489128,0,0,23203,32825,99846
160203182909,100,17.489128,0,0,23203,32825,99846
160203182909,100,17.489128,0,0,23203,32825,99846
160203182910,100,21.603312,0,0,35173,72423,90390
160203182910,100,21.603312,0,0,35173,72423,90390
160203182910,100,21.603312,0,0,35173,72423,90390
160203182910,100,21.603312,0,0,35173,72423,90390
160203182912,100,20.525412,0,0,13251,15259,49300
160203182912,100,20.525412,0,0,13251,15259,49300
160203182912,100,20.525412,0,0,13251,15259,49300
160203182912,100,20.525412,0,0,13251,15259,49300
160203182913,100,5.6915054,0,0,9908,17204,156880
160203182913,100,5.6915054,0,0,9908,17204,156880
160203182913,100,5.6915054,0,0,9908,17204,156880
160203182913,100,5.6915054,0,0,9908,17204,156880
160203182914,100,13.35446,0,0,4720,9544,25800
160203182914,100,13.35446,0,0,4720,9544,25800
160203182914,100,13.35446,0,0,4720,9544,25800
160203182914,100,13.35446,0,0,4720,9544,25800
160203182915,100,16.918343,0,0,29298,26813,146360
160203182915,100,16.918343,0,0,29298,26813,146360
160203182915,100,16.918343,0,0,29298,26813,146360
160203182915,100,16.918343,0,0,29298,26813,146360
160203182916,100,3.1936266,0,0,11160,32789,316657
160203182916,100,3.1936266,0,0,11160,32789,316657
160203182916,100,3.1936266,0,0,11160,32789,316657
160203182916,100,3.1936266,0,0,11160,32789,316657
160203182917,100,1.1656508,0,0,1507,5228,124056
160203182917,100,1.1656508,0,0,1507,5228,124056
160203182917,100,1.1656508,0,0,1507,5228,124056
160203182917,100,1.1656508,0,0,1507,5228,124056
160203182918,100,9.772811,0,0,9042,15202,77320
160203182918,100,9.772811,0,0,9042,15202,77320
160203182918,100,9.772811,0,0,9042,15202,77320
160203182918,100,9.772811,0,0,9042,15202,77320
160203182919,100,6.522201,0,0,36220,138012,417322
160203182919,100,6.522201,0,0,36220,138012,417322
160203182919,100,6.522201,0,0,36220,138012,417322
160203182919,100,6.522201,0,0,36220,138012,417322
160203182920,100,6.0974503,0,0,38189,83840,542471
160203182920,100,6.0974503,0,0,38189,83840,542471
160203182920,100,6.0974503,0,0,38189,83840,542471
160203182920,100,6.0974503,0,0,38189,83840,542471
160203182921,100,16.277576,0,0,10898,13942,53009
160203182921,100,16.277576,0,0,10898,13942,53009
160203182921,100,16.277576,0,0,10898,13942,53009
160203182921,100,16.277576,0,0,10898,13942,53009
160203182922,100,7.9917474,0,0,40906,82059,429794
160203182922,100,7.9917474,0,0,40906,82059,429794
160203182922,100,7.9917474,0,0,40906,82059,429794
160203182922,100,7.9917474,0,0,40906,82059,429794
160203182923,100,47.990433,0,0,91894,73908,117576
160203182923,100,47.990433,0,0,91894,73908,117576
160203182923,100,47.990433,0,0,91894,73908,117576
160203182923,100,47.990433,0,0,91894,73908,117576
160203182924,100,11.293085,0,0,90213,171717,627117
160203182924,100,11.293085,0,0,90213,171717,627117
160203182924,100,11.293085,0,0,90213,171717,627117
160203182924,100,11.293085,0,0,90213,171717,627117
160203182925,100,69.30171,0,0,146535,105121,106324
160203182925,100,69.30171,0,0,146535,105121,106324
160203182925,100,69.30171,0,0,146535,105121,106324
160203182925,100,69.30171,0,0,146535,105121,106324
160203182926,100,47.931156,0,0,295370,246927,369311
160203182926,100,47.931156,0,0,295370,246927,369311
160203182926,100,47.931156,0,0,295370,246927,369311
160203182926,100,47.931156,0,0,295370,246927,369311
160203182927,100,27.411896,0,0,76102,34218,243406
160203182927,100,27.411896,0,0,76102,34218,243406
160203182927,100,27.411896,0,0,76102,34218,243406
160203182927,100,27.411896,0,0,76102,34218,243406
160203182928,100,39.78625,0,0,350162,92973,787135
160203182928,100,39.78625,0,0,350162,92973,787135
160203182928,100,39.78625,0,0,350162,92973,787135
160203182928,100,39.78625,0,0,350162,92973,787135
160203182929,100,5.8133554,0,0,19210,8149,322297
160203182929,100,5.8133554,0,0,19210,8149,322297
160203182929,100,5.8133554,0,0,19210,8149,322297
160203182929,100,5.8133554,0,0,19210,8149,322297
160203182930,100,45.869476,0,0,69856,18553,133740
160203182930,100,45.869476,0,0,69856,18553,133740
160203182930,100,45.869476,0,0,69856,18553,133740
160203182930,100,45.869476,0,0,69856,18553,133740
160203182931,100,60.69462,0,0,226695,144544,228957
160203182931,100,60.69462,0,0,226695,144544,228957
160203182931,100,60.69462,0,0,226695,144544,228957
160203182931,100,60.69462,0,0,226695,144544,228957
160203182932,100,15.34676,0,0,53295,209942,137330
160203182932,100,15.34676,0,0,53295,209942,137330
160203182932,100,15.34676,0,0,53295,209942,137330
160203182932,100,15.34676,0,0,53295,209942,137330
160203182933,100,19.498278,0,0,25766,53180,78965
160203182933,100,19.498278,0,0,25766,53180,78965
160203182933,100,19.498278,0,0,25766,53180,78965
160203182933,100,19.498278,0,0,25766,53180,78965
160203182934,100,17.037712,0,0,34232,27134,173785
160203182934,100,17.037712,0,0,34232,27134,173785
160203182934,100,17.037712,0,0,34232,27134,173785
160203182934,100,17.037712,0,0,34232,27134,173785
160203182935,100,14.092474,0,0,37099,57075,206179
160203182935,100,14.092474,0,0,37099,57075,206179
160203182935,100,14.092474,0,0,37099,57075,206179
160203182935,100,14.092474,0,0,37099,57075,206179
160203182936,100,13.610512,0,0,78661,200477,377466
160203182936,100,13.610512,0,0,78661,200477,377466
160203182936,100,13.610512,0,0,78661,200477,377466
160203182936,100,13.610512,0,0,78661,200477,377466
160203182937,100,6.709965,0,0,11974,26808,151643
160203182937,100,6.709965,0,0,11974,26808,151643
160203182937,100,6.709965,0,0,11974,26808,151643
160203182937,100,6.709965,0,0,11974,26808,151643
160203182938,100,3.4120057,0,0,33003,88524,878737
160203182938,100,3.4120057,0,0,33003,88524,878737
160203182938,100,3.4120057,0,0,33003,88524,878737
160203182938,100,3.4120057,0,0,33003,88524,878737
160203182939,100,30.45836,0,0,15277,21709,28448
160203182939,100,30.45836,0,0,15277,21709,28448
160203182939,100,30.45836,0,0,15277,21709,28448
160203182939,100,30.45836,0,0,15277,21709,28448
160203182940,100,40.909695,0,0,33791,18823,63776
160203182940,100,40.909695,0,0,33791,18823,63776
160203182940,100,40.909695,0,0,33791,18823,63776
160203182940,100,40.909695,0,0,33791,18823,63776
160203182941,100,7.9624333,0,0,21221,48439,218075
160203182941,100,7.9624333,0,0,21221,48439,218075
160203182941,100,7.9624333,0,0,21221,48439,218075
160203182941,100,7.9624333,0,0,21221,48439,218075
160203182942,100,29.335245,0,0,161964,78193,473921
160203182942,100,29.335245,0,0,161964,78193,473921
160203182942,100,29.335245,0,0,161964,78193,473921
160203182942,100,29.335245,0,0,161964,78193,473921
160203182943,100,17.793156,0,0,16327,16858,74902
160203182943,100,17.793156,0,0,16327,16858,74902
160203182943,100,17.793156,0,0,16327,16858,74902
160203182943,100,17.793156,0,0,16327,16858,74902
160203182944,100,30.298742,0,0,35761,38940,79088
160203182944,100,30.298742,0,0,35761,38940,79088
160203182944,100,30.298742,0,0,35761,38940,79088
160203182944,100,30.298742,0,0,35761,38940,79088
160203182945,100,7.6556854,0,0,3602,3783,43267
160203182945,100,7.6556854,0,0,3602,3783,43267
160203182945,100,7.6556854,0,0,3602,3783,43267
160203182945,100,7.6556854,0,0,3602,3783,43267
160203182946,100,17.05371,0,0,31614,41691,143688
160203182946,100,17.05371,0,0,31614,41691,143688
160203182946,100,17.05371,0,0,31614,41691,143688
160203182946,100,17.05371,0,0,31614,41691,143688
160203182947,100,21.896423,0,0,23157,15592,90165
160203182947,100,21.896423,0,0,23157,15592,90165
160203182947,100,21.896423,0,0,23157,15592,90165
160203182947,100,21.896423,0,0,23157,15592,90165
160203182948,100,2.4913478,0,0,10258,24142,387603
160203182948,100,2.4913478,0,0,10258,24142,387603
160203182948,100,2.4913478,0,0,10258,24142,387603
160203182948,100,2.4913478,0,0,10258,24142,387603
160203182949,100,34.99838,0,0,79846,56198,171944
160203182949,100,34.99838,0,0,79846,56198,171944
160203182949,100,34.99838,0,0,79846,56198,171944
160203182949,100,34.99838,0,0,79846,56198,171944
160203182950,100,11.714876,0,0,112307,71772,886898
160203182950,100,11.714876,0,0,112307,71772,886898
160203182950,100,11.714876,0,0,112307,71772,886898
160203182950,100,11.714876,0,0,112307,71772,886898
160203182951,100,9.338791,0,0,4586,17267,31840
160203182951,100,9.338791,0,0,4586,17267,31840
160203182951,100,9.338791,0,0,4586,17267,31840
160203182951,100,9.338791,0,0,4586,17267,31840
160203182952,100,3.0456035,0,0,10393,31229,310017
160203182952,100,3.0456035,0,0,10393,31229,310017
160203182952,100,3.0456035,0,0,10393,31229,310017
160203182952,100,3.0456035,0,0,10393,31229,310017
160203182953,100,21.22307,0,0,9457,15030,29530
160203182953,100,21.22307,0,0,9457,15030,29530
160203182953,100,21.22307,0,0,9457,15030,29530
160203182953,100,21.22307,0,0,9457,15030,29530
160203182954,100,6.7756047,0,0,65095,111760,848966
160203182954,100,6.7756047,0,0,65095,111760,848966
160203182954,100,6.7756047,0,0,65095,111760,848966
160203182954,100,6.7756047,0,0,65095,111760,848966
160203182955,100,8.5549,0,0,6995,10335,71431
160203182955,100,8.5549,0,0,6995,10335,71431
160203182955,100,8.5549,0,0,6995,10335,71431
160203182955,100,8.5549,0,0,6995,10335,71431
160203182956,100,54.145985,0,0,394238,279828,448274
160203182956,100,54.145985,0,0,394238,279828,448274
160203182956,100,54.145985,0,0,394238,279828,448274
160203182956,100,54.145985,0,0,394238,279828,448274
160203182957,100,25.844372,0,0,46478,34053,145785
160203182957,100,25.844372,0,0,46478,34053,145785
160203182957,100,25.844372,0,0,46478,34053,145785
160203182957,100,25.844372,0,0,46478,34053,145785
160203182958,100,7.4890556,0,0,10127,17749,117475
160203182958,100,7.4890556,0,0,10127,17749,117475
160203182958,100,7.4890556,0,0,10127,17749,117475
160203182958,100,7.4890556,0,0,10127,17749,117475
160203182959,100,8.643122,0,0,70320,54219,759376
160203182959,100,8.643122,0,0,70320,54219,759376
160203182959,100,8.643122,0,0,70320,54219,759376
160203182959,100,8.643122,0,0,70320,54219,759376
160203183000,100,32.398422,0,0,21162,31056,34262
160203183000,100,32.398422,0,0,21162,31056,34262
160203183000,100,32.398422,0,0,21162,31056,34262
160203183000,100,32.398422,0,0,21162,31056,34262
160203183001,100,103.79912,0,0,497423,173938,305279
160203183001,100,103.79912,0,0,497423,173938,305279
160203183001,100,103.79912,0,0,497423,173938,305279
160203183001,100,103.79912,0,0,497423,173938,305279
160203183002,100,31.874775,0,0,104351,50866,276512
160203183002,100,31.874775,0,0,104351,50866,276512
160203183002,100,31.874775,0,0,104351,50866,276512
160203183002,100,31.874775,0,0,104351,50866,276512
160203183003,100,19.166065,0,0,241038,47702,1209927
160203183003,100,19.166065,0,0,241038,47702,1209927
160203183003,100,19.166065,0,0,241038,47702,1209927
160203183003,100,19.166065,0,0,241038,47702,1209927
160203183004,100,20.604795,0,0,65467,58615,259112
160203183004,100,20.604795,0,0,65467,58615,259112
160203183004,100,20.604795,0,0,65467,58615,259112
160203183004,100,20.604795,0,0,65467,58615,259112
160203183005,100,18.188457,0,0,7472,8409,32672
160203183005,100,18.188457,0,0,7472,8409,32672
160203183005,100,18.188457,0,0,7472,8409,32672
160203183005,100,18.188457,0,0,7472,8409,32672
160203183006,100,8.030646,0,0,55616,107842,584705
160203183006,100,8.030646,0,0,55616,107842,584705
160203183006,100,8.030646,0,0,55616,107842,584705
160203183006,100,8.030646,0,0,55616,107842,584705
160203183007,100,7.0936747,0,0,13908,31832,164230
160203183007,100,7.0936747,0,0,13908,31832,164230
160203183007,100,7.0936747,0,0,13908,31832,164230
160203183007,100,7.0936747,0,0,13908,31832,164230
160203183008,100,8.095081,0,0,1965,2267,22007
160203183008,100,8.095081,0,0,1965,2267,22007
160203183008,100,8.095081,0,0,1965,2267,22007
160203183008,100,8.095081,0,0,1965,2267,22007
160203183009,100,5.015872,0,0,21758,16024,417759
160203183009,100,5.015872,0,0,21758,16024,417759
160203183009,100,5.015872,0,0,21758,16024,417759
160203183009,100,5.015872,0,0,21758,16024,417759
160203183010,100,16.328468,0,0,420741,310846,2265887
160203183010,100,16.328468,0,0,420741,310846,2265887
160203183010,100,16.328468,0,0,420741,310846,2265887
160203183010,100,16.328468,0,0,420741,310846,2265887
160203183011,100,127.97642,0,0,60776,40145,7345
160203183011,100,127.97642,0,0,60776,40145,7345
160203183011,100,127.97642,0,0,60776,40145,7345
160203183011,100,127.97642,0,0,60776,40145,7345
160203183012,100,7.2856913,0,0,35906,77077,415752
160203183012,100,7.2856913,0,0,35906,77077,415752
160203183012,100,7.2856913,0,0,35906,77077,415752
160203183012,100,7.2856913,0,0,35906,77077,415752
160203183012,100,8.472918,0,0,23208,20954,252954
160203183012,100,8.472918,0,0,23208,20954,252954
160203183012,100,8.472918,0,0,23208,20954,252954
160203183012,100,8.472918,0,0,23208,20954,252954
160203183014,100,4.4363704,0,0,18303,45714,366853
160203183014,100,4.4363704,0,0,18303,45714,366853
160203183014,100,4.4363704,0,0,18303,45714,366853
160203183014,100,4.4363704,0,0,18303,45714,366853
160203183014,100,85.29334,0,0,90602,31058,75166
160203183014,100,85.29334,0,0,90602,31058,75166
160203183014,100,85.29334,0,0,90602,31058,75166
160203183014,100,85.29334,0,0,90602,31058,75166
160203183015,100,20.888403,0,0,147756,206163,501196
160203183015,100,20.888403,0,0,147756,206163,501196
160203183015,100,20.888403,0,0,147756,206163,501196
160203183015,100,20.888403,0,0,147756,206163,501196
160203183016,100,22.552069,0,0,79273,81101,270410
160203183016,100,22.552069,0,0,79273,81101,270410
160203183016,100,22.552069,0,0,79273,81101,270410
160203183016,100,22.552069,0,0,79273,81101,270410
160203183017,100,15.374099,0,0,60276,46110,345952
160203183017,100,15.374099,0,0,60276,46110,345952
160203183017,100,15.374099,0,0,60276,46110,345952
160203183017,100,15.374099,0,0,60276,46110,345952
160203183018,100,22.646477,0,0,52045,70124,159691
160203183018,100,22.646477,0,0,52045,70124,159691
160203183018,100,22.646477,0,0,52045,70124,159691
160203183018,100,22.646477,0,0,52045,70124,159691
160203183019,100,6.3565097,0,0,38076,93704,505304
160203183019,100,6.3565097,0,0,38076,93704,505304
160203183019,100,6.3565097,0,0,38076,93704,505304
160203183019,100,6.3565097,0,0,38076,93704,505304
160203183020,100,40.11504,0,0,386498,329435,634039
160203183020,100,40.11504,0,0,386498,329435,634039
160203183020,100,40.11504,0,0,386498,329435,634039
160203183020,100,40.11504,0,0,386498,329435,634039
160203183021,100,129.9688,0,0,299439,79437,150956
160203183021,100,129.9688,0,0,299439,79437,150956
160203183021,100,129.9688,0,0,299439,79437,150956
160203183021,100,129.9688,0,0,299439,79437,150956
160203183022,100,49.017536,0,0,349921,188637,525232
160203183022,100,49.017536,0,0,349921,188637,525232
160203183022,100,49.017536,0,0,349921,188637,525232
160203183022,100,49.017536,0,0,349921,188637,525232
160203183023,100,42.26558,0,0,18219,17610,25496
160203183023,100,42.26558,0,0,18219,17610,25496
160203183023,100,42.26558,0,0,18219,17610,25496
160203183023,100,42.26558,0,0,18219,17610,25496
160203183024,100,68.83129,0,0,94462,30851,106386
160203183024,100,68.83129,0,0,94462,30851,106386
160203183024,100,68.83129,0,0,94462,30851,106386
160203183024,100,68.83129,0,0,94462,30851,106386
160203183025,100,25.886292,0,0,166818,146995,497431
160203183025,100,25.886292,0,0,166818,146995,497431
160203183025,100,25.886292,0,0,166818,146995,497431
160203183025,100,25.886292,0,0,166818,146995,497431
160203183026,100,51.719772,0,0,54373,36447,68683
160203183026,100,51.719772,0,0,54373,36447,68683
160203183026,100,51.719772,0,0,54373,36447,68683
160203183026,100,51.719772,0,0,54373,36447,68683
160203183027,100,60.818787,0,0,68218,29469,82697
160203183027,100,60.818787,0,0,68218,29469,82697
160203183027,100,60.818787,0,0,68218,29469,82697
160203183027,100,60.818787,0,0,68218,29469,82697
160203183028,100,114.50956,0,0,247154,92155,123682
160203183028,100,114.50956,0,0,247154,92155,123682
160203183028,100,114.50956,0,0,247154,92155,123682
160203183028,100,114.50956,0,0,247154,92155,123682
160203183029,100,12.154648,0,0,8350,6700,61998
160203183029,100,12.154648,0,0,8350,6700,61998
160203183029,100,12.154648,0,0,8350,6700,61998
160203183029,100,12.154648,0,0,8350,6700,61998
160203183031,100,81.60133,0,0,384481,147209,323961
160203183031,100,81.60133,0,0,384481,147209,323961
160203183031,100,81.60133,0,0,384481,147209,323961
160203183031,100,81.60133,0,0,384481,147209,323961
160203183032,100,10.884105,0,0,56257,105357,411516
160203183032,100,10.884105,0,0,56257,105357,411516
160203183032,100,10.884105,0,0,56257,105357,411516
160203183032,100,10.884105,0,0,56257,105357,411516
160203183034,100,69.127754,0,0,156714,82006,144696
160203183034,100,69.127754,0,0,156714,82006,144696
160203183034,100,69.127754,0,0,156714,82006,144696
160203183034,100,69.127754,0,0,156714,82006,144696
160203183035,100,15.115351,0,0,14375,16290,78812
160203183035,100,15.115351,0,0,14375,16290,78812
160203183035,100,15.115351,0,0,14375,16290,78812
160203183035,100,15.115351,0,0,14375,16290,78812
160203183036,100,9.971667,0,0,11192,14202,98036
160203183036,100,9.971667,0,0,11192,14202,98036
160203183036,100,9.971667,0,0,11192,14202,98036
160203183036,100,9.971667,0,0,11192,14202,98036
160203183037,100,12.338608,0,0,17966,27642,117966
160203183037,100,12.338608,0,0,17966,27642,117966
160203183037,100,12.338608,0,0,17966,27642,117966
160203183037,100,12.338608,0,0,17966,27642,117966
160203183038,100,5.8017983,0,0,14769,47460,207099
160203183038,100,5.8017983,0,0,14769,47460,207099
160203183038,100,5.8017983,0,0,14769,47460,207099
160203183038,100,5.8017983,0,0,14769,47460,207099
160203183039,100,11.630847,0,0,2484,3860,17497
160203183039,100,11.630847,0,0,2484,3860,17497
160203183039,100,11.630847,0,0,2484,3860,17497
160203183039,100,11.630847,0,0,2484,3860,17497
160203183040,100,5.470122,0,0,9565,16029,158830
160203183040,100,5.470122,0,0,9565,16029,158830
160203183040,100,5.470122,0,0,9565,16029,158830
160203183040,100,5.470122,0,0,9565,16029,158830
160203183041,100,4.340738,0,0,36449,84957,754739
160203183041,100,4.340738,0,0,36449,84957,754739
160203183041,100,4.340738,0,0,36449,84957,754739
160203183041,100,4.340738,0,0,36449,84957,754739
160203183042,100,10.918365,0,0,23011,10331,200424
160203183042,100,10.918365,0,0,23011,10331,200424
160203183042,100,10.918365,0,0,23011,10331,200424
160203183042,100,10.918365,0,0,23011,10331,200424
160203183043,100,17.580328,0,0,71534,37345,369553
160203183043,100,17.580328,0,0,71534,37345,369553
160203183043,100,17.580328,0,0,71534,37345,369553
160203183043,100,17.580328,0,0,71534,37345,369553
160203183044,100,41.64191,0,0,70501,21275,148028
160203183044,100,41.64191,0,0,70501,21275,148028
160203183044,100,41.64191,0,0,70501,21275,148028
160203183044,100,41.64191,0,0,70501,21275,148028
160203183045,100,28.002512,0,0,14710,16512,36019
160203183045,100,28.002512,0,0,14710,16512,36019
160203183045,100,28.002512,0,0,14710,16512,36019
160203183045,100,28.002512,0,0,14710,16512,36019
160203183046,100,7.582298,0,0,56528,81590,663936
160203183046,100,7.582298,0,0,56528,81590,663936
160203183046,100,7.582298,0,0,56528,81590,663936
160203183046,100,7.582298,0,0,56528,81590,663936
160203183047,100,15.304986,0,0,26642,17138,156936
160203183047,100,15.304986,0,0,26642,17138,156936
160203183047,100,15.304986,0,0,26642,17138,156936
160203183047,100,15.304986,0,0,26642,17138,156936
160203183048,100,102.23242,0,0,288139,117098,164749
160203183048,100,102.23242,0,0,288139,117098,164749
160203183048,100,102.23242,0,0,288139,117098,164749
160203183048,100,102.23242,0,0,288139,117098,164749
160203183049,100,17.251398,0,0,18051,21201,83434
160203183049,100,17.251398,0,0,18051,21201,83434
160203183049,100,17.251398,0,0,18051,21201,83434
160203183049,100,17.251398,0,0,18051,21201,83434
160203183050,100,12.024265,0,0,31496,48715,213222
160203183050,100,12.024265,0,0,31496,48715,213222
160203183050,100,12.024265,0,0,31496,48715,213222
160203183050,100,12.024265,0,0,31496,48715,213222
160203183051,100,39.468372,0,0,295686,207330,541842
160203183051,100,39.468372,0,0,295686,207330,541842
160203183051,100,39.468372,0,0,295686,207330,541842
160203183051,100,39.468372,0,0,295686,207330,541842
160203183052,100,39.69833,0,0,73746,44109,141657
160203183052,100,39.69833,0,0,73746,44109,141657
160203183052,100,39.69833,0,0,73746,44109,141657
160203183052,100,39.69833,0,0,73746,44109,141657
160203183053,100,11.477109,0,0,97096,104317,741680
160203183053,100,11.477109,0,0,97096,104317,741680
160203183053,100,11.477109,0,0,97096,104317,741680
160203183053,100,11.477109,0,0,97096,104317,741680
160203183054,100,13.214358,0,0,24709,34041,152945
160203183054,100,13.214358,0,0,24709,34041,152945
160203183054,100,13.214358,0,0,24709,34041,152945
160203183054,100,13.214358,0,0,24709,34041,152945
160203183055,100,9.906669,0,0,20454,8358,198109
160203183055,100,9.906669,0,0,20454,8358,198109
160203183055,100,9.906669,0,0,20454,8358,198109
160203183055,100,9.906669,0,0,20454,8358,198109
160203183056,100,5.5051675,0,0,9050,33924,130467
160203183056,100,5.5051675,0,0,9050,33924,130467
160203183056,100,5.5051675,0,0,9050,33924,130467
160203183056,100,5.5051675,0,0,9050,33924,130467
160203183057,100,4.978324,0,0,61976,85308,1159609
160203183057,100,4.978324,0,0,61976,85308,1159609
160203183057,100,4.978324,0,0,61976,85308,1159609
160203183057,100,4.978324,0,0,61976,85308,1159609
160203183058,100,46.072792,0,0,130826,106057,177898
160203183058,100,46.072792,0,0,130826,106057,177898
160203183058,100,46.072792,0,0,130826,106057,177898
160203183058,100,46.072792,0,0,130826,106057,177898
160203183059,100,14.459862,0,0,53354,46519,322461
160203183059,100,14.459862,0,0,53354,46519,322461
160203183059,100,14.459862,0,0,53354,46519,322461
160203183059,100,14.459862,0,0,53354,46519,322461
160203183100,100,17.799139,0,0,53734,22379,279512
160203183100,100,17.799139,0,0,53734,22379,279512
160203183100,100,17.799139,0,0,53734,22379,279512
160203183100,100,17.799139,0,0,53734,22379,279512
160203183101,100,17.25498,0,0,29442,16911,153718
160203183101,100,17.25498,0,0,29442,16911,153718
160203183101,100,17.25498,0,0,29442,16911,153718
160203183101,100,17.25498,0,0,29442,16911,153718
160203183102,100,15.66243,0,0,64205,47756,362174
160203183102,100,15.66243,0,0,64205,47756,362174
160203183102,100,15.66243,0,0,64205,47756,362174
160203183102,100,15.66243,0,0,64205,47756,362174
160203183103,100,5.064283,0,0,13507,25022,241689
160203183103,100,5.064283,0,0,13507,25022,241689
160203183103,100,5.064283,0,0,13507,25022,241689
160203183103,100,5.064283,0,0,13507,25022,241689
160203183104,100,3.8799477,0,0,1890,4969,43743
160203183104,100,3.8799477,0,0,1890,4969,43743
160203183104,100,3.8799477,0,0,1890,4969,43743
160203183104,100,3.8799477,0,0,1890,4969,43743
160203183105,100,7.731691,0,0,38252,70124,424619
160203183105,100,7.731691,0,0,38252,70124,424619
160203183105,100,7.731691,0,0,38252,70124,424619
160203183105,100,7.731691,0,0,38252,70124,424619
160203183106,100,17.833443,0,0,18866,19326,86464
160203183106,100,17.833443,0,0,18866,19326,86464
160203183106,100,17.833443,0,0,18866,19326,86464
160203183106,100,17.833443,0,0,18866,19326,86464
160203183107,100,15.121557,0,0,4497,7221,22518
160203183107,100,15.121557,0,0,4497,7221,22518
160203183107,100,15.121557,0,0,4497,7221,22518
160203183107,100,15.121557,0,0,4497,7221,22518
160203183108,100,16.252048,0,0,133063,217946,600800
160203183108,100,16.252048,0,0,133063,217946,600800
160203183108,100,16.252048,0,0,133063,217946,600800
160203183108,100,16.252048,0,0,133063,217946,600800
160203183109,100,73.48561,0,0,412826,228693,333085
160203183109,100,73.48561,0,0,412826,228693,333085
160203183109,100,73.48561,0,0,412826,228693,333085
160203183109,100,73.48561,0,0,412826,228693,333085
160203183110,100,54.273277,0,0,245795,104152,348732
160203183110,100,54.273277,0,0,245795,104152,348732
160203183110,100,54.273277,0,0,245795,104152,348732
160203183110,100,54.273277,0,0,245795,104152,348732
160203183111,100,51.27021,0,0,111686,66107,151731
160203183111,100,51.27021,0,0,111686,66107,151731
160203183111,100,51.27021,0,0,111686,66107,151731
160203183111,100,51.27021,0,0,111686,66107,151731
160203183112,100,33.407448,0,0,257681,292166,479162
160203183112,100,33.407448,0,0,257681,292166,479162
160203183112,100,33.407448,0,0,257681,292166,479162
160203183112,100,33.407448,0,0,257681,292166,479162
160203183114,100,112.90887,0,0,21954,7962,11482
160203183114,100,112.90887,0,0,21954,7962,11482
160203183114,100,112.90887,0,0,21954,7962,11482
160203183114,100,112.90887,0,0,21954,7962,11482
160203183115,100,52.038895,0,0,1271686,527614,1916108
160203183115,100,52.038895,0,0,1271686,527614,1916108
160203183115,100,52.038895,0,0,1271686,527614,1916108
160203183115,100,52.038895,0,0,1271686,527614,1916108
160203183116,100,32.635185,0,0,358895,488064,611654
160203183116,100,32.635185,0,0,358895,488064,611654
160203183116,100,32.635185,0,0,358895,488064,611654
160203183116,100,32.635185,0,0,358895,488064,611654
160203183117,100,14.4370985,0,0,9959,9918,59064
160203183117,100,14.4370985,0,0,9959,9918,59064
160203183117,100,14.4370985,0,0,9959,9918,59064
160203183117,100,14.4370985,0,0,9959,9918,59064
160203183118,100,21.953074,0,0,38707,44857,131460
160203183118,100,21.953074,0,0,38707,44857,131460
160203183118,100,21.953074,0,0,38707,44857,131460
160203183118,100,21.953074,0,0,38707,44857,131460
160203183119,100,18.306593,0,0,5682,10879,20159
160203183119,100,18.306593,0,0,5682,10879,20159
160203183119,100,18.306593,0,0,5682,10879,20159
160203183119,100,18.306593,0,0,5682,10879,20159
160203183120,100,8.33473,0,0,3482,6447,35330
160203183120,100,8.33473,0,0,3482,6447,35330
160203183120,100,8.33473,0,0,3482,6447,35330
160203183120,100,8.33473,0,0,3482,6447,35330
160203183121,100,20.23494,0,0,55725,66559,208831
160203183121,100,20.23494,0,0,55725,66559,208831
160203183121,100,20.23494,0,0,55725,66559,208831
160203183121,100,20.23494,0,0,55725,66559,208831
160203183122,100,15.539439,0,0,55921,99769,260096
160203183122,100,15.539439,0,0,55921,99769,260096
160203183122,100,15.539439,0,0,55921,99769,260096
160203183122,100,15.539439,0,0,55921,99769,260096
160203183123,100,30.064636,0,0,234895,184392,596908
160203183123,100,30.064636,0,0,234895,184392,596908
160203183123,100,30.064636,0,0,234895,184392,596908
160203183123,100,30.064636,0,0,234895,184392,596908
160203183124,100,15.463662,0,0,11873,19161,57619
160203183124,100,15.463662,0,0,11873,19161,57619
160203183124,100,15.463662,0,0,11873,19161,57619
160203183124,100,15.463662,0,0,11873,19161,57619
160203183125,100,24.38722,0,0,26356,12550,95523
160203183125,100,24.38722,0,0,26356,12550,95523
160203183125,100,24.38722,0,0,26356,12550,95523
160203183125,100,24.38722,0,0,26356,12550,95523
160203183126,100,6.3894773,0,0,6611,22260,81207
160203183126,100,6.3894773,0,0,6611,22260,81207
160203183126,100,6.3894773,0,0,6611,22260,81207
160203183126,100,6.3894773,0,0,6611,22260,81207
160203183127,100,13.854673,0,0,20539,36667,111579
160203183127,100,13.854673,0,0,20539,36667,111579
160203183127,100,13.854673,0,0,20539,36667,111579
160203183127,100,13.854673,0,0,20539,36667,111579
160203183128,100,16.268831,0,0,27937,17012,154709
160203183128,100,16.268831,0,0,27937,17012,154709
160203183128,100,16.268831,0,0,27937,17012,154709
160203183128,100,16.268831,0,0,27937,17012,154709
160203183129,100,21.196724,0,0,9887,16304,30340
160203183129,100,21.196724,0,0,9887,16304,30340
160203183129,100,21.196724,0,0,9887,16304,30340
160203183129,100,21.196724,0,0,9887,16304,30340
160203183130,100,30.24354,0,0,40794,31492,103393
160203183130,100,30.24354,0,0,40794,31492,103393
160203183130,100,30.24354,0,0,40794,31492,103393
160203183130,100,30.24354,0,0,40794,31492,103393
160203183131,100,27.365446,0,0,53743,68135,128255
160203183131,100,27.365446,0,0,53743,68135,128255
160203183131,100,27.365446,0,0,53743,68135,128255
160203183131,100,27.365446,0,0,53743,68135,128255
160203183132,100,1.9451551,0,0,11245,69178,508925
160203183132,100,1.9451551,0,0,11245,69178,508925
160203183132,100,1.9451551,0,0,11245,69178,508925
160203183132,100,1.9451551,0,0,11245,69178,508925
160203183133,100,18.120346,0,0,31300,65326,107408
160203183133,100,18.120346,0,0,31300,65326,107408
160203183133,100,18.120346,0,0,31300,65326,107408
160203183133,100,18.120346,0,0,31300,65326,107408
160203183134,100,21.121101,0,0,14401,9212,58971
160203183134,100,21.121101,0,0,14401,9212,58971
160203183134,100,21.121101,0,0,14401,9212,58971
160203183134,100,21.121101,0,0,14401,9212,58971
160203183135,100,32.705643,0,0,36977,57724,55336
160203183135,100,32.705643,0,0,36977,57724,55336
160203183135,100,32.705643,0,0,36977,57724,55336
160203183135,100,32.705643,0,0,36977,57724,55336
160203183136,100,7.224638,0,0,34958,106739,377133
160203183136,100,7.224638,0,0,34958,106739,377133
160203183136,100,7.224638,0,0,34958,106739,377133
160203183136,100,7.224638,0,0,34958,106739,377133
160203183137,100,7.4820056,0,0,183021,275283,2170866
160203183137,100,7.4820056,0,0,183021,275283,2170866
160203183137,100,7.4820056,0,0,183021,275283,2170866
160203183137,100,7.4820056,0,0,183021,275283,2170866
160203183138,100,29.82698,0,0,182769,116245,496519
160203183138,100,29.82698,0,0,182769,116245,496519
160203183138,100,29.82698,0,0,182769,116245,496519
160203183138,100,29.82698,0,0,182769,116245,496519
160203183139,100,49.548557,0,0,57128,26056,89241
160203183139,100,49.548557,0,0,57128,26056,89241
160203183139,100,49.548557,0,0,57128,26056,89241
160203183139,100,49.548557,0,0,57128,26056,89241
160203183140,100,43.66015,0,0,327483,222755,527318
160203183140,100,43.66015,0,0,327483,222755,527318
160203183140,100,43.66015,0,0,327483,222755,527318
160203183140,100,43.66015,0,0,327483,222755,527318
160203183141,100,13.556806,0,0,4748,5237,29786
160203183141,100,13.556806,0,0,4748,5237,29786
160203183141,100,13.556806,0,0,4748,5237,29786
160203183141,100,13.556806,0,0,4748,5237,29786
160203183142,100,5.5275784,0,0,13413,16509,226147
160203183142,100,5.5275784,0,0,13413,16509,226147
160203183142,100,5.5275784,0,0,13413,16509,226147
160203183142,100,5.5275784,0,0,13413,16509,226147
160203183143,100,7.133215,0,0,4703,25493,40438
160203183143,100,7.133215,0,0,4703,25493,40438
160203183143,100,7.133215,0,0,4703,25493,40438
160203183143,100,7.133215,0,0,4703,25493,40438
160203183144,100,6.3657165,0,0,39175,75834,539572
160203183144,100,6.3657165,0,0,39175,75834,539572
160203183144,100,6.3657165,0,0,39175,75834,539572
160203183144,100,6.3657165,0,0,39175,75834,539572
160203183145,100,6.6630254,0,0,13053,28862,167040
160203183145,100,6.6630254,0,0,13053,28862,167040
160203183145,100,6.6630254,0,0,13053,28862,167040
160203183145,100,6.6630254,0,0,13053,28862,167040
160203183146,100,11.347417,0,0,18397,24831,137294
160203183146,100,11.347417,0,0,18397,24831,137294
160203183146,100,11.347417,0,0,18397,24831,137294
160203183146,100,11.347417,0,0,18397,24831,137294
160203183147,100,3.014553,0,0,37045,132842,1096030
160203183147,100,3.014553,0,0,37045,132842,1096030
160203183147,100,3.014553,0,0,37045,132842,1096030
160203183147,100,3.014553,0,0,37045,132842,1096030
160203183148,100,9.664382,0,0,9589,14973,84247
160203183148,100,9.664382,0,0,9589,14973,84247
160203183148,100,9.664382,0,0,9589,14973,84247
160203183148,100,9.664382,0,0,9589,14973,84247
160203183149,100,6.459421,0,0,10354,26553,133740
160203183149,100,6.459421,0,0,10354,26553,133740
160203183149,100,6.459421,0,0,10354,26553,133740
160203183149,100,6.459421,0,0,10354,26553,133740
160203183150,100,11.740598,0,0,21399,33306,148959
160203183150,100,11.740598,0,0,21399,33306,148959
160203183150,100,11.740598,0,0,21399,33306,148959
160203183150,100,11.740598,0,0,21399,33306,148959
160203183151,100,12.038209,0,0,22533,13734,173445
160203183151,100,12.038209,0,0,22533,13734,173445
160203183151,100,12.038209,0,0,22533,13734,173445
160203183151,100,12.038209,0,0,22533,13734,173445
160203183152,100,3.5854557,0,0,15501,51603,380727
160203183152,100,3.5854557,0,0,15501,51603,380727
160203183152,100,3.5854557,0,0,15501,51603,380727
160203183152,100,3.5854557,0,0,15501,51603,380727
160203183153,100,28.990871,0,0,118833,120908,288990
160203183153,100,28.990871,0,0,118833,120908,288990
160203183153,100,28.990871,0,0,118833,120908,288990
160203183153,100,28.990871,0,0,118833,120908,288990
160203183154,100,28.103756,0,0,105918,109879,267003
160203183154,100,28.103756,0,0,105918,109879,267003
160203183154,100,28.103756,0,0,105918,109879,267003
160203183154,100,28.103756,0,0,105918,109879,267003
160203183155,100,5.3029437,0,0,6959,12256,118973
160203183155,100,5.3029437,0,0,6959,12256,118973
160203183155,100,5.3029437,0,0,6959,12256,118973
160203183155,100,5.3029437,0,0,6959,12256,118973
160203183156,100,42.40775,0,0,183947,71138,362620
160203183156,100,42.40775,0,0,183947,71138,362620
160203183156,100,42.40775,0,0,183947,71138,362620
160203183156,100,42.40775,0,0,183947,71138,362620
160203183157,100,8.425279,0,0,10408,22258,101275
160203183157,100,8.425279,0,0,10408,22258,101275
160203183157,100,8.425279,0,0,10408,22258,101275
160203183157,100,8.425279,0,0,10408,22258,101275
160203183158,100,31.574333,0,0,579335,420783,1414046
160203183158,100,31.574333,0,0,579335,420783,1414046
160203183158,100,31.574333,0,0,579335,420783,1414046
160203183158,100,31.574333,0,0,579335,420783,1414046
160203183159,100,12.189932,0,0,28188,54934,176306
160203183159,100,12.189932,0,0,28188,54934,176306
160203183159,100,12.189932,0,0,28188,54934,176306
160203183159,100,12.189932,0,0,28188,54934,176306
160203183200,100,20.982088,0,0,717574,464671,2955265
160203183200,100,20.982088,0,0,717574,464671,2955265
160203183200,100,20.982088,0,0,717574,464671,2955265
160203183200,100,20.982088,0,0,717574,464671,2955265
160203183201,100,102.597496,0,0,1579312,604356,934972
160203183201,100,102.597496,0,0,1579312,604356,934972
160203183201,100,102.597496,0,0,1579312,604356,934972
160203183201,100,102.597496,0,0,1579312,604356,934972
160203183202,100,18.426605,0,0,53973,66906,226002
160203183202,100,18.426605,0,0,53973,66906,226002
160203183202,100,18.426605,0,0,53973,66906,226002
160203183202,100,18.426605,0,0,53973,66906,226002
160203183203,100,14.992884,0,0,189397,536448,726798
160203183203,100,14.992884,0,0,189397,536448,726798
160203183203,100,14.992884,0,0,189397,536448,726798
160203183203,100,14.992884,0,0,189397,536448,726798
160203183204,100,12.976683,0,0,24977,38582,153894
160203183204,100,12.976683,0,0,24977,38582,153894
160203183204,100,12.976683,0,0,24977,38582,153894
160203183204,100,12.976683,0,0,24977,38582,153894
160203183205,100,4.873762,0,0,5380,14516,95871
160203183205,100,4.873762,0,0,5380,14516,95871
160203183205,100,4.873762,0,0,5380,14516,95871
160203183205,100,4.873762,0,0,5380,14516,95871
160203183206,100,27.16491,0,0,58545,78238,137279
160203183206,100,27.16491,0,0,58545,78238,137279
160203183206,100,27.16491,0,0,58545,78238,137279
160203183206,100,27.16491,0,0,58545,78238,137279
160203183207,100,16.544098,0,0,6164,14782,22476
160203183207,100,16.544098,0,0,6164,14782,22476
160203183207,100,16.544098,0,0,6164,14782,22476
160203183207,100,16.544098,0,0,6164,14782,22476
160203183208,100,50.016487,0,0,27303,6873,47715
160203183208,100,50.016487,0,0,27303,6873,47715
160203183208,100,50.016487,0,0,27303,6873,47715
160203183208,100,50.016487,0,0,27303,6873,47715
160203183209,100,21.63386,0,0,138781,165539,475960
160203183209,100,21.63386,0,0,138781,165539,475960
160203183209,100,21.63386,0,0,138781,165539,475960
160203183209,100,21.63386,0,0,138781,165539,475960
160203183210,100,9.870533,0,0,84100,160784,691247
160203183210,100,9.870533,0,0,84100,160784,691247
160203183210,100,9.870533,0,0,84100,160784,691247
160203183210,100,9.870533,0,0,84100,160784,691247
160203183211,100,113.48686,0,0,69042,14017,46820
160203183211,100,113.48686,0,0,69042,14017,46820
160203183211,100,113.48686,0,0,69042,14017,46820
160203183211,100,113.48686,0,0,69042,14017,46820
160203183212,100,6.7395697,0,0,136191,252482,1768285
160203183212,100,6.7395697,0,0,136191,252482,1768285
160203183212,100,6.7395697,0,0,136191,252482,1768285
160203183212,100,6.7395697,0,0,136191,252482,1768285
160203183213,100,106.880165,0,0,785426,213636,521230
160203183213,100,106.880165,0,0,785426,213636,521230
160203183213,100,106.880165,0,0,785426,213636,521230
160203183213,100,106.880165,0,0,785426,213636,521230
160203183214,100,77.98462,0,0,269741,198339,147551
160203183214,100,77.98462,0,0,269741,198339,147551
160203183214,100,77.98462,0,0,269741,198339,147551
160203183214,100,77.98462,0,0,269741,198339,147551
160203183215,100,9.705237,0,0,119589,68064,1164147
160203183215,100,9.705237,0,0,119589,68064,1164147
160203183215,100,9.705237,0,0,119589,68064,1164147
160203183215,100,9.705237,0,0,119589,68064,1164147
160203183216,100,1.9633965,0,0,9314,72667,401715
160203183216,100,1.9633965,0,0,9314,72667,401715
160203183216,100,1.9633965,0,0,9314,72667,401715
160203183216,100,1.9633965,0,0,9314,72667,401715
160203183217,100,9.923654,0,0,35836,33892,327225
160203183217,100,9.923654,0,0,35836,33892,327225
160203183217,100,9.923654,0,0,35836,33892,327225
160203183217,100,9.923654,0,0,35836,33892,327225
160203183218,100,3.402161,0,0,24491,35197,684669
160203183218,100,3.402161,0,0,24491,35197,684669
160203183218,100,3.402161,0,0,24491,35197,684669
160203183218,100,3.402161,0,0,24491,35197,684669
160203183219,100,45.090096,0,0,32055,34636,36455
160203183219,100,45.090096,0,0,32055,34636,36455
160203183219,100,45.090096,0,0,32055,34636,36455
160203183219,100,45.090096,0,0,32055,34636,36455
160203183220,100,3.444957,0,0,34646,199067,806635
160203183220,100,3.444957,0,0,34646,199067,806635
160203183220,100,3.444957,0,0,34646,199067,806635
160203183220,100,3.444957,0,0,34646,199067,806635
160203183221,100,3.459139,0,0,11529,75250,258041
160203183221,100,3.459139,0,0,11529,75250,258041
160203183221,100,3.459139,0,0,11529,75250,258041
160203183221,100,3.459139,0,0,11529,75250,258041
160203183222,100,17.628983,0,0,7343,12650,29003
160203183222,100,17.628983,0,0,7343,12650,29003
160203183222,100,17.628983,0,0,7343,12650,29003
160203183222,100,17.628983,0,0,7343,12650,29003
160203183223,100,32.394333,0,0,38489,45470,73344
160203183223,100,32.394333,0,0,38489,45470,73344
160203183223,100,32.394333,0,0,38489,45470,73344
160203183223,100,32.394333,0,0,38489,45470,73344
160203183224,100,12.957064,0,0,73412,280715,285864
160203183224,100,12.957064,0,0,73412,280715,285864
160203183224,100,12.957064,0,0,73412,280715,285864
160203183224,100,12.957064,0,0,73412,280715,285864
160203183225,100,19.345974,0,0,99891,140366,375974
160203183225,100,19.345974,0,0,99891,140366,375974
160203183225,100,19.345974,0,0,99891,140366,375974
160203183225,100,19.345974,0,0,99891,140366,375974
160203183226,100,22.651848,0,0,11781,27068,24941
160203183226,100,22.651848,0,0,11781,27068,24941
160203183226,100,22.651848,0,0,11781,27068,24941
160203183226,100,22.651848,0,0,11781,27068,24941
160203183227,100,4.684037,0,0,3741,10197,69670
160203183227,100,4.684037,0,0,3741,10197,69670
160203183227,100,4.684037,0,0,3741,10197,69670
160203183227,100,4.684037,0,0,3741,10197,69670
160203183228,100,9.903428,0,0,16090,36943,125526
160203183228,100,9.903428,0,0,16090,36943,125526
160203183228,100,9.903428,0,0,16090,36943,125526
160203183228,100,9.903428,0,0,16090,36943,125526
160203183229,100,5.043067,0,0,32559,64618,581001
160203183229,100,5.043067,0,0,32559,64618,581001
160203183229,100,5.043067,0,0,32559,64618,581001
160203183229,100,5.043067,0,0,32559,64618,581001
160203183231,100,38.545208,0,0,61840,62958,97477
160203183231,100,38.545208,0,0,61840,62958,97477
160203183231,100,38.545208,0,0,61840,62958,97477
160203183231,100,38.545208,0,0,61840,62958,97477
160203183232,100,18.045906,0,0,10622,11569,47292
160203183232,100,18.045906,0,0,10622,11569,47292
160203183232,100,18.045906,0,0,10622,11569,47292
160203183232,100,18.045906,0,0,10622,11569,47292
160203183234,100,23.775518,0,0,47775,109227,91715
160203183234,100,23.775518,0,0,47775,109227,91715
160203183234,100,23.775518,0,0,47775,109227,91715
160203183234,100,23.775518,0,0,47775,109227,91715
160203183235,100,19.328667,0,0,24680,29095,98591
160203183235,100,19.328667,0,0,24680,29095,98591
160203183235,100,19.328667,0,0,24680,29095,98591
160203183235,100,19.328667,0,0,24680,29095,98591
160203183235,100,22.948013,0,0,44915,46778,148947
160203183235,100,22.948013,0,0,44915,46778,148947
160203183235,100,22.948013,0,0,44915,46778,148947
160203183235,100,22.948013,0,0,44915,46778,148947
160203183237,100,19.697,0,0,134304,166246,515604
160203183237,100,19.697,0,0,134304,166246,515604
160203183237,100,19.697,0,0,134304,166246,515604
160203183237,100,19.697,0,0,134304,166246,515604
160203183238,100,77.02506,0,0,1079839,397867,1004065
160203183238,100,77.02506,0,0,1079839,397867,1004065
160203183238,100,77.02506,0,0,1079839,397867,1004065
160203183238,100,77.02506,0,0,1079839,397867,1004065
160203183238,100,36.920918,0,0,65216,39513,137124
160203183238,100,36.920918,0,0,65216,39513,137124
160203183238,100,36.920918,0,0,65216,39513,137124
160203183238,100,36.920918,0,0,65216,39513,137124
160203183239,100,16.382738,0,0,18868,22294,92876
160203183239,100,16.382738,0,0,18868,22294,92876
160203183239,100,16.382738,0,0,18868,22294,92876
160203183239,100,16.382738,0,0,18868,22294,92876
160203183240,100,27.27835,0,0,202811,203262,540225
160203183240,100,27.27835,0,0,202811,203262,540225
160203183240,100,27.27835,0,0,202811,203262,540225
160203183240,100,27.27835,0,0,202811,203262,540225
160203183241,100,32.938637,0,0,29598,28511,61347
160203183241,100,32.938637,0,0,29598,28511,61347
160203183241,100,32.938637,0,0,29598,28511,61347
160203183241,100,32.938637,0,0,29598,28511,61347
160203183242,100,5.7447467,0,0,88795,160031,1385642
160203183242,100,5.7447467,0,0,88795,160031,1385642
160203183242,100,5.7447467,0,0,88795,160031,1385642
160203183242,100,5.7447467,0,0,88795,160031,1385642
160203183243,100,6.556751,0,0,18369,56826,223328
160203183243,100,6.556751,0,0,18369,56826,223328
160203183243,100,6.556751,0,0,18369,56826,223328
160203183243,100,6.556751,0,0,18369,56826,223328
160203183244,100,54.984932,0,0,8212,3536,11399
160203183244,100,54.984932,0,0,8212,3536,11399
160203183244,100,54.984932,0,0,8212,3536,11399
160203183244,100,54.984932,0,0,8212,3536,11399
160203183245,100,23.781078,0,0,12779,16280,37456
160203183245,100,23.781078,0,0,12779,16280,37456
160203183245,100,23.781078,0,0,12779,16280,37456
160203183245,100,23.781078,0,0,12779,16280,37456
160203183246,100,2.1755946,0,0,23259,86495,982592
160203183246,100,2.1755946,0,0,23259,86495,982592
160203183246,100,2.1755946,0,0,23259,86495,982592
160203183246,100,2.1755946,0,0,23259,86495,982592
160203183247,100,13.042571,0,0,46875,60256,299144
160203183247,100,13.042571,0,0,46875,60256,299144
160203183247,100,13.042571,0,0,46875,60256,299144
160203183247,100,13.042571,0,0,46875,60256,299144
160203183248,100,25.65903,0,0,151056,123800,464905
160203183248,100,25.65903,0,0,151056,123800,464905
160203183248,100,25.65903,0,0,151056,123800,464905
160203183248,100,25.65903,0,0,151056,123800,464905
160203183249,100,36.59433,0,0,44214,35108,85714
160203183249,100,36.59433,0,0,44214,35108,85714
160203183249,100,36.59433,0,0,44214,35108,85714
160203183249,100,36.59433,0,0,44214,35108,85714
160203183250,100,11.342842,0,0,5901,8054,43970
160203183250,100,11.342842,0,0,5901,8054,43970
160203183250,100,11.342842,0,0,5901,8054,43970
160203183250,100,11.342842,0,0,5901,8054,43970
160203183251,100,5.7485113,0,0,12026,39949,169253
160203183251,100,5.7485113,0,0,12026,39949,169253
160203183251,100,5.7485113,0,0,12026,39949,169253
160203183251,100,5.7485113,0,0,12026,39949,169253
160203183253,100,10.549325,0,0,192662,232694,1593603
160203183253,100,10.549325,0,0,192662,232694,1593603
160203183253,100,10.549325,0,0,192662,232694,1593603
160203183253,100,10.549325,0,0,192662,232694,1593603
160203183254,100,92.94701,0,0,317309,173879,167508
160203183254,100,92.94701,0,0,317309,173879,167508
160203183254,100,92.94701,0,0,317309,173879,167508
160203183254,100,92.94701,0,0,317309,173879,167508
160203183255,100,14.499755,0,0,89885,196153,423754
160203183255,100,14.499755,0,0,89885,196153,423754
160203183255,100,14.499755,0,0,89885,196153,423754
160203183255,100,14.499755,0,0,89885,196153,423754
160203183256,100,52.55073,0,0,320684,129817,480420
160203183256,100,52.55073,0,0,320684,129817,480420
160203183256,100,52.55073,0,0,320684,129817,480420
160203183256,100,52.55073,0,0,320684,129817,480420
160203183257,100,24.014456,0,0,41003,43738,127005
160203183257,100,24.014456,0,0,41003,43738,127005
160203183257,100,24.014456,0,0,41003,43738,127005
160203183257,100,24.014456,0,0,41003,43738,127005
160203183258,100,12.994645,0,0,22376,91255,80939
160203183258,100,12.994645,0,0,22376,91255,80939
160203183258,100,12.994645,0,0,22376,91255,80939
160203183258,100,12.994645,0,0,22376,91255,80939
160203183259,100,22.552732,0,0,5838,10832,15054
160203183259,100,22.552732,0,0,5838,10832,15054
160203183259,100,22.552732,0,0,5838,10832,15054
160203183259,100,22.552732,0,0,5838,10832,15054
160203183300,100,9.522638,0,0,17808,28913,158094
160203183300,100,9.522638,0,0,17808,28913,158094
160203183300,100,9.522638,0,0,17808,28913,158094
160203183300,100,9.522638,0,0,17808,28913,158094
160203183301,100,20.661201,0,0,15149,20767,52554
160203183301,100,20.661201,0,0,15149,20767,52554
160203183301,100,20.661201,0,0,15149,20767,52554
160203183301,100,20.661201,0,0,15149,20767,52554
160203183302,100,43.016598,0,0,167914,246187,144160
160203183302,100,43.016598,0,0,167914,246187,144160
160203183302,100,43.016598,0,0,167914,246187,144160
160203183302,100,43.016598,0,0,167914,246187,144160
160203183303,100,16.752434,0,0,86073,211352,302442
160203183303,100,16.752434,0,0,86073,211352,302442
160203183303,100,16.752434,0,0,86073,211352,302442
160203183303,100,16.752434,0,0,86073,211352,302442
160203183304,100,46.492542,0,0,78180,42483,125673
160203183304,100,46.492542,0,0,78180,42483,125673
160203183304,100,46.492542,0,0,78180,42483,125673
160203183304,100,46.492542,0,0,78180,42483,125673
160203183305,100,43.847317,0,0,69555,46039,112591
160203183305,100,43.847317,0,0,69555,46039,112591
160203183305,100,43.847317,0,0,69555,46039,112591
160203183305,100,43.847317,0,0,69555,46039,112591
160203183306,100,16.097569,0,0,9721,12465,47923
160203183306,100,16.097569,0,0,9721,12465,47923
160203183306,100,16.097569,0,0,9721,12465,47923
160203183306,100,16.097569,0,0,9721,12465,47923
160203183307,100,11.697331,0,0,21508,36367,147504
160203183307,100,11.697331,0,0,21508,36367,147504
160203183307,100,11.697331,0,0,21508,36367,147504
160203183307,100,11.697331,0,0,21508,36367,147504
160203183308,100,8.23333,0,0,27903,75569,263334
160203183308,100,8.23333,0,0,27903,75569,263334
160203183308,100,8.23333,0,0,27903,75569,263334
160203183308,100,8.23333,0,0,27903,75569,263334
160203183309,100,2.2330341,0,0,3355,16315,133929
160203183309,100,2.2330341,0,0,3355,16315,133929
160203183309,100,2.2330341,0,0,3355,16315,133929
160203183309,100,2.2330341,0,0,3355,16315,133929
160203183310,100,37.645252,0,0,81508,35229,181287
160203183310,100,37.645252,0,0,81508,35229,181287
160203183310,100,37.645252,0,0,81508,35229,181287
160203183310,100,37.645252,0,0,81508,35229,181287
160203183311,100,13.62604,0,0,118195,137270,730150
160203183311,100,13.62604,0,0,118195,137270,730150
160203183311,100,13.62604,0,0,118195,137270,730150
160203183311,100,13.62604,0,0,118195,137270,730150
160203183312,100,24.00791,0,0,58030,24211,217501
160203183312,100,24.00791,0,0,58030,24211,217501
160203183312,100,24.00791,0,0,58030,24211,217501
160203183312,100,24.00791,0,0,58030,24211,217501
160203183313,100,94.55886,0,0,25529,10531,16467
160203183313,100,94.55886,0,0,25529,10531,16467
160203183313,100,94.55886,0,0,25529,10531,16467
160203183313,100,94.55886,0,0,25529,10531,16467
160203183314,100,21.96143,0,0,54138,61729,184785
160203183314,100,21.96143,0,0,54138,61729,184785
160203183314,100,21.96143,0,0,54138,61729,184785
160203183314,100,21.96143,0,0,54138,61729,184785
160203183315,100,86.03674,0,0,35639,5974,35449
160203183315,100,86.03674,0,0,35639,5974,35449
160203183315,100,86.03674,0,0,35639,5974,35449
160203183315,100,86.03674,0,0,35639,5974,35449
160203183316,100,78.47013,0,0,112596,40880,102609
160203183316,100,78.47013,0,0,112596,40880,102609
160203183316,100,78.47013,0,0,112596,40880,102609
160203183316,100,78.47013,0,0,112596,40880,102609
160203183317,100,19.657604,0,0,78620,83281,316666
160203183317,100,19.657604,0,0,78620,83281,316666
160203183317,100,19.657604,0,0,78620,83281,316666
160203183317,100,19.657604,0,0,78620,83281,316666
160203183318,100,12.141534,0,0,19988,28655,135970
160203183318,100,12.141534,0,0,19988,28655,135970
160203183318,100,12.141534,0,0,19988,28655,135970
160203183318,100,12.141534,0,0,19988,28655,135970
160203183319,100,73.32614,0,0,10196,3922,9983
160203183319,100,73.32614,0,0,10196,3922,9983
160203183319,100,73.32614,0,0,10196,3922,9983
160203183319,100,73.32614,0,0,10196,3922,9983
160203183320,100,16.377935,0,0,41862,41193,214407
160203183320,100,16.377935,0,0,41862,41193,214407
160203183320,100,16.377935,0,0,41862,41193,214407
160203183320,100,16.377935,0,0,41862,41193,214407
160203183321,100,27.650696,0,0,297279,245741,829382
160203183321,100,27.650696,0,0,297279,245741,829382
160203183321,100,27.650696,0,0,297279,245741,829382
160203183321,100,27.650696,0,0,297279,245741,829382
160203183322,100,8.3957,0,0,6327,4188,71172
160203183322,100,8.3957,0,0,6327,4188,71172
160203183322,100,8.3957,0,0,6327,4188,71172
160203183322,100,8.3957,0,0,6327,4188,71172
160203183323,100,28.353,0,0,25349,47036,42369
160203183323,100,28.353,0,0,25349,47036,42369
160203183323,100,28.353,0,0,25349,47036,42369
160203183323,100,28.353,0,0,25349,47036,42369
160203183324,100,31.439014,0,0,137452,93676,343526
160203183324,100,31.439014,0,0,137452,93676,343526
160203183324,100,31.439014,0,0,137452,93676,343526
160203183324,100,31.439014,0,0,137452,93676,343526
160203183325,100,18.553255,0,0,23699,27885,99850
160203183325,100,18.553255,0,0,23699,27885,99850
160203183325,100,18.553255,0,0,23699,27885,99850
160203183325,100,18.553255,0,0,23699,27885,99850
