time,signal,attention,meditation,delta,theta,lowAlpha,highAlpha,lowBeta,highBeta,lowGamma,midGamma,blinkStrength,
121833,0,0,0,0,0,0,0,0,0,0,0,0,
121834,0,50,41,401578,270938,19080,46232,17732,20226,16852,31644,34,
121835,0,48,21,1820558,352202,2316,42177,22038,11666,13779,20846,34,
121836,0,48,20,157496,113060,4238,20166,11141,13872,7282,33817,34,
121837,0,38,1,1134256,183295,10508,5104,8551,2482,2986,4146,34,
121838,0,47,7,506236,62155,4658,25660,20605,22725,24642,21148,34,
121839,0,54,27,178468,29068,5577,14040,2677,4384,4341,5908,34,
121840,0,51,30,102782,157810,21198,17496,24707,13094,10496,25311,34,
121841,0,64,50,65714,61746,15631,11634,7663,8930,7450,29918,34,
121842,0,60,56,649439,180980,31952,118589,81541,34697,8249,31344,34,
121843,0,60,50,613591,18038,5385,3522,4623,2896,843,7731,34,
121844,0,57,50,230524,106100,10579,15342,17456,7416,8399,30464,34,
121845,0,60,56,61241,38953,23912,23379,28219,12721,12622,21734,34,
121846,0,57,29,188385,262513,4732,11516,23715,17819,8198,17217,34,
121847,0,57,23,708805,190921,14828,26085,3707,29488,9011,20092,34,
121848,0,56,23,211343,192268,16659,24027,13426,10002,10777,22159,34,
121849,0,57,17,198384,63473,18133,13334,7717,19672,11107,13172,34,
121850,0,60,50,487983,66821,47386,27095,22225,10234,9605,19757,35,
121851,0,54,66,541239,28354,22044,2598,1922,3318,2928,4356,35,
121852,0,60,77,137307,86792,27270,24780,16516,11526,4021,17121,42,
121853,0,60,63,122102,36494,1579,4362,11252,8898,6841,15846,79,
121854,0,57,37,704637,619366,18867,41621,39600,39007,13844,9617,79,
121855,0,57,29,64266,43171,7007,18355,10758,4410,9906,7130,37,
121856,0,57,38,733966,84376,44398,45862,21319,11807,4924,31509,37,
121857,0,54,60,303634,50510,37496,11927,17506,12478,16876,15822,37,
121858,0,60,56,251935,86757,2396,4650,4527,14388,8385,21369,37,
121858,0,61,69,445329,34625,41322,42809,18092,9464,15655,20758,37,
121900,0,63,70,620668,25657,23206,17340,13126,6037,11420,10898,37,
121901,0,61,74,103112,51905,39461,10676,5632,9112,6964,17627,37,
121901,0,60,100,622899,28873,41860,29671,41338,12154,8469,13733,37,
121902,0,64,81,28488,66609,8765,17247,31681,14729,9110,11164,37,
121904,0,66,70,489825,216667,64472,49827,40810,47018,23407,15944,37,
121905,0,63,53,89421,275456,36577,16210,17907,19284,25972,19116,49,
121906,0,63,40,170759,234701,53928,27081,24929,33812,24071,11207,49,
121907,0,41,30,856074,106164,78826,33515,20642,14174,7974,8041,51,
121908,0,44,35,387378,147790,33190,11079,44935,18442,13751,21023,51,
121910,0,48,34,794165,79049,21612,6639,21960,17342,13299,11865,51,
121910,0,54,47,70148,278342,45437,7967,22230,10628,14064,21124,51,
121911,0,56,43,56115,60587,28375,20153,11727,9178,7393,12565,51,
121913,0,57,67,814495,22861,18843,44989,4334,11674,7939,13393,51,
121914,0,60,83,52311,63296,14458,23285,6821,8042,7567,15705,51,
121916,0,64,84,19414,33846,7738,33422,9436,16361,12661,18990,51,
121917,0,69,51,418538,295430,16108,48214,35021,36036,19163,43116,51,
121918,0,75,47,1201754,49796,14100,8839,18549,11526,4091,1692,36,
121919,0,69,34,376934,108366,27118,13180,29430,18005,15952,6738,36,
121920,0,69,48,154355,7840,11498,1757,12822,3408,5410,2174,46,
121921,0,66,64,1964354,329619,249496,76115,54692,46956,52896,45278,34,
121922,0,64,74,374005,73047,24366,29682,8051,14626,11359,1748,34,
121923,0,61,81,1885094,151986,55137,43645,21434,15884,29799,18602,34,
121924,0,57,78,883085,57061,17758,10019,5036,8309,6816,2440,34,
121925,0,61,64,692560,116774,22630,11406,13094,15688,13251,7832,34,
121926,0,70,61,329844,38209,33423,6637,8591,49889,12774,5664,35,
121927,0,81,60,321244,20634,6432,9594,1526,9162,3803,2037,35,
121929,0,81,60,1595939,214989,69863,29885,27098,30830,32487,31493,40,
121930,0,57,69,672148,110918,2199,34968,19705,6733,3443,1677,40,
121931,0,61,66,972968,18451,11410,3753,6150,15699,6018,5523,40,
121932,0,63,53,651178,193564,23883,6616,16519,32124,12083,4179,43,
121933,0,66,43,678398,31610,5000,7449,1828,2904,2450,1115,43,
121934,0,78,43,111616,55513,11375,11399,12555,18764,19469,6696,43,
121935,0,69,40,70582,44850,4316,19073,25584,9809,8846,4220,43,
121936,0,70,64,162738,5438,3432,9168,3510,3155,5157,1494,43,
121937,0,70,64,935529,306611,91699,32011,39860,25393,23256,9446,43,
121938,0,66,74,391830,22933,13349,2507,1467,5150,4916,1221,43,
121939,0,56,69,339739,177867,23539,15073,8925,5618,9066,4364,43,
121940,0,57,57,74187,31149,9195,11555,6457,13053,9411,5711,43,
121941,0,70,61,142289,15373,13718,9387,17143,16818,4029,9281,43,
121942,0,69,56,35997,43146,10840,7777,1780,6906,5192,6060,43,
121943,0,87,61,81822,23485,13037,4632,15572,15820,9031,9775,43,
121944,0,77,60,70686,64568,8225,19210,8398,4969,5571,2434,43,
121945,0,67,57,69671,51678,9139,18267,5756,9296,13627,6955,43,
121946,0,66,48,255776,189719,27309,8603,9589,19164,16056,6846,43,
121947,0,67,41,14155,15130,4325,2722,12319,8266,6100,3783,43,
121948,0,80,37,73231,18160,5338,4592,7953,10993,5480,4077,43,
121949,0,80,40,487868,22034,12021,10162,16268,5469,8478,6727,43,
121950,0,88,57,53566,15946,16522,22517,23351,16355,3904,7609,43,
121951,0,80,43,384157,307942,14853,4832,23927,33476,8138,6968,43,
121952,0,75,51,110094,32675,28268,2397,11830,10194,10652,7569,43,
121953,0,78,50,26996,17656,8578,7580,11644,7644,10472,11442,43,
121954,0,70,44,716216,132323,57864,16970,13845,22639,18151,5183,43,
121955,0,81,61,104824,29718,10752,12060,37209,31624,7363,3916,43,
121956,0,84,53,14989,45710,8892,8570,9556,13364,12379,8488,43,
121957,0,81,43,84128,97514,18638,8506,22126,18560,24087,4726,43,
121958,0,88,51,43660,10846,22628,11999,15667,13351,4838,2172,43,
121959,0,80,57,695481,80642,14201,29477,4247,23751,11294,4552,43,
122000,0,74,50,504008,172393,9300,17776,28316,13314,5456,3958,44,
122001,0,67,53,1173722,263470,20787,65387,13681,20424,43577,35425,44,
122002,0,57,35,748447,256887,29368,26276,10828,23458,22738,10747,44,
122003,0,56,37,597867,74221,15427,24764,5446,15394,21743,5646,44,
122004,0,64,29,1341454,648646,28901,30713,36896,131445,39367,19386,44,
122006,0,64,40,960539,293597,179333,39254,33032,36365,60276,21120,86,
122007,0,54,14,1722128,541317,15820,87464,64160,34753,76399,12221,140,
122008,0,56,26,582442,65585,4674,13522,12250,23521,12405,3014,43,
122009,0,56,13,258781,210463,51181,4997,20944,20984,38707,11266,54,
122010,0,66,29,172556,51698,9620,7378,7599,12697,2922,1876,85,
122011,0,64,30,1069200,710659,41687,102003,36738,32498,28911,28286,54,
122012,0,57,47,230006,21182,14353,12656,19978,4889,10288,2491,54,
122013,0,60,51,1647792,399035,149770,28867,40682,48495,72396,42510,78,
122014,0,53,60,1700858,1164945,431425,405802,475967,152646,266340,44773,44,
122016,0,60,60,1676487,339847,34123,45079,6713,42835,27795,28665,103,
122017,0,64,38,101584,46296,25616,4428,4141,6547,3696,1823,103,
122018,0,74,29,97752,15515,1545,3454,1237,6179,2949,1679,103,
122019,0,69,21,1160096,694068,30689,38715,12485,50484,63792,40792,103,
122020,0,63,38,438925,402328,51822,51106,19020,40214,75057,22718,103,
122021,0,70,41,945332,13223,15498,6874,3884,11811,6830,4858,32,
122022,0,61,30,206056,82250,6803,2232,2315,6412,6989,5892,136,
122023,0,63,56,2232200,151309,48127,100575,17640,30979,43173,30325,136,
122024,0,63,63,806637,94643,14695,18078,3343,9666,21226,8911,136,
122025,0,60,60,1161686,19603,3299,17549,8647,7196,6621,5617,136,
122026,0,69,81,19939,30059,22890,10997,10217,20328,16679,4103,136,
122027,0,75,78,149573,39399,19497,19215,11676,16022,24528,5755,136,
122028,0,81,88,632284,55128,36265,38969,18394,25137,43109,7370,136,
122029,0,87,70,3248,38843,5354,6481,15737,24710,10248,2866,136,
122030,0,80,74,12636,43567,11492,40335,14049,10138,21111,3901,136,
122031,0,78,69,11515,24188,9619,15986,26615,9405,15955,4771,136,
122033,0,77,56,555410,97245,1222,37458,35265,23803,33666,4369,42,
122034,0,69,70,145568,61291,63741,19600,15027,17864,18299,5602,42,
122035,54,64,51,1073370,140570,9743,1745,7657,15602,4763,2443,42,
122036,80,64,51,2065148,174921,35859,73947,29153,27053,6747,5794,42,
122037,54,64,51,347683,38873,5310,8831,14204,11318,2301,2449,42,
122038,80,64,51,669142,32546,22824,17382,21720,16535,3177,6280,42,
122039,51,64,51,1043440,79736,24188,25453,27757,25775,6410,2002,42,
122040,25,64,51,916539,28179,34196,10517,12056,6103,2887,2695,42,
122041,0,64,51,941653,137062,10492,10037,3671,1776,987,1509,42,
122042,0,57,63,268118,94086,50979,39101,12472,11665,5772,21668,42,
122043,0,54,61,278569,75729,12710,16368,6128,7733,5556,4447,36,
122044,0,41,44,1934100,728044,64187,96770,34495,13145,10797,11566,36,
122046,0,37,57,85771,55159,11656,4725,6014,3674,2374,3625,34,
122047,0,41,74,86607,7547,20838,6005,6687,5121,4545,14245,34,
122048,0,60,78,304697,7623,2508,1490,2733,2973,3313,2558,34,
122049,0,57,83,875756,298859,104520,25123,6785,19605,13388,14431,34,
122050,0,57,69,122713,86296,7480,13024,14085,7125,13029,14191,34,
122051,0,64,51,19720,17447,2737,8487,6906,10936,9152,8947,34,
122052,0,57,69,302221,24007,39835,17662,11265,7384,13032,8309,34,
122053,0,63,64,23650,37819,7807,8853,20226,5539,4695,4586,34,
122054,0,69,80,24406,13506,15019,6718,12942,5981,4968,7786,40,
122056,0,51,69,485105,652585,69963,13103,49264,16781,11895,6062,56,
122057,0,47,51,519983,260580,25121,59782,13738,10020,6393,18569,42,
122058,0,40,48,559240,48369,16403,14155,6408,3747,4129,1532,42,
122059,0,41,64,927181,56815,21428,13047,10095,3166,5809,1822,42,
122100,0,41,56,640013,52533,6263,7897,27638,12659,8508,6086,42,
122101,0,51,61,549656,61258,26285,5617,5006,11448,10891,5356,78,
122102,0,53,43,161935,614055,51267,28792,37383,38927,14034,7635,78,
122103,0,60,37,185278,39434,11134,1699,1552,5094,3546,1904,78,
122104,0,60,51,73671,31140,16492,8038,3675,9833,9308,3175,62,
122105,0,64,41,86990,193008,13633,34723,44492,54735,12064,12447,62,
122106,0,66,70,629968,35868,75739,22494,6102,12755,17418,5074,62,
122107,0,70,78,29658,31961,19099,9157,15448,10743,5443,2718,62,
122109,0,77,74,25415,21037,8374,6447,8168,12512,11751,8250,62,
122110,0,78,54,92496,85361,6887,7976,5803,6724,4317,1611,68,
122111,0,75,63,756367,58543,77683,13928,18113,17855,9690,4226,68,
122112,0,66,78,1373540,35682,57303,37071,25528,14352,26071,6339,41,
122113,0,50,64,397963,137411,7999,10148,7247,5064,5162,1863,41,
122114,0,60,93,28255,9864,31802,22200,9144,17273,14338,6682,41,
122115,0,61,80,125027,5662,1181,2024,2426,1270,1013,944,41,
122116,0,66,75,426066,14953,45000,7505,27652,19103,10835,6009,41,
122117,0,77,94,93493,86261,20978,48723,3678,19872,11237,10667,41,
122118,0,60,87,702981,56053,32814,20661,8767,2814,3176,1302,67,
122119,0,54,84,301747,244917,59307,29241,32305,23283,7224,5117,67,
122120,0,53,66,172536,17395,2681,1246,2723,3985,756,975,67,
122121,0,51,51,2135196,143080,16191,12624,17673,18053,8808,8853,67,
122122,0,74,37,11797,32345,5430,19194,39651,33625,9714,9758,67,
122123,0,84,37,494799,33453,11047,8713,19496,19356,22445,10668,67,
122124,0,88,51,354065,35405,11354,41583,26202,27540,17505,2785,67,
122125,0,93,61,495767,22078,13311,2751,12516,8912,12193,5511,67,
122126,0,83,70,378358,66869,41531,47366,64385,22667,9756,6779,67,
122127,0,80,77,140231,46798,13067,17889,12840,14792,12296,3999,67,
122128,0,67,60,128176,167195,17455,13167,18685,11838,29798,2782,67,
122129,0,64,64,58978,23527,21500,26094,36669,10838,5918,4097,67,
122130,0,63,57,1660695,216921,68141,28901,54429,33533,8743,5151,67,
122131,0,56,61,42645,46814,9551,28113,16037,5872,1584,536,67,
122133,0,61,67,644004,55224,9476,13967,18901,10194,17581,3128,67,
122134,0,61,77,14530,12651,26462,14920,17034,15105,14067,16412,67,
122135,0,56,51,298378,347792,19475,7688,10480,12581,4728,2790,67,
122136,0,61,54,704953,33431,16698,13457,34057,18175,9700,3913,67,
122137,0,61,43,50228,283942,32826,16245,22527,22500,9536,3977,67,
122138,0,56,23,50171,51912,8028,5856,7933,9221,9033,7049,67,
122139,0,61,38,1640912,544869,106919,50607,107219,38026,55987,11123,58,
122140,0,51,38,1699830,267465,73313,41727,22393,22992,21707,22433,99,
122141,0,48,47,793520,492094,114902,28031,22783,28196,16184,8606,91,
122142,0,38,56,1208958,179147,13875,86726,38667,8840,4239,5212,59,
122143,0,40,67,1791855,251909,132864,54944,19627,27133,24274,4483,35,
122144,0,40,51,978034,137803,9570,5298,8665,10581,6432,6583,68,
122145,0,43,57,1321734,301822,68999,104500,53951,32467,12016,12246,68,
122146,0,51,43,42947,42579,3890,6616,27199,6558,8961,4954,68,
122147,0,60,40,502029,25830,16019,9323,22131,10048,10756,1836,67,
122149,0,56,43,212737,443163,39486,25525,43682,20587,4618,2795,67,
122150,0,43,60,214393,174482,65949,41036,17601,13771,9843,4978,67,
122151,0,40,69,40562,26208,30056,10819,4336,10076,6733,2168,67,
122153,0,41,81,238634,144855,41767,11970,14052,8831,6616,4430,61,
122154,0,57,53,671934,134385,21721,4605,13413,21466,8387,5997,47,
122155,0,53,44,241692,138945,9909,61713,6067,14210,16935,7583,47,
122156,0,64,40,14328,49680,5557,9835,13127,15860,17433,6077,47,
122157,0,67,48,154965,89965,38200,16057,35141,27994,12036,6552,47,
122158,0,64,64,324384,93534,49741,24547,20530,13539,14373,3394,47,
122159,0,66,50,130244,107852,12512,6883,11144,12061,10232,7540,47,
122200,0,69,64,7174,7273,16120,7416,14023,11657,4579,3193,47,
122201,0,60,61,394619,138078,30850,13032,14082,9661,14460,4940,47,
122202,0,67,57,50707,40498,22294,8076,9018,15695,5323,2815,47,
122203,0,70,80,94438,54000,18063,54063,15098,18759,24832,11855,47,
122204,0,63,77,7501,37340,3206,27093,12743,7478,10039,2984,47,
122205,0,63,81,190084,206188,66800,48262,51957,19170,15670,4232,47,
122206,0,64,69,29648,68531,13691,6309,8811,22633,5670,7164,47,
122207,0,60,51,641077,239416,44744,7982,6033,20768,13754,13151,47,
122208,0,57,43,189689,238761,24842,45432,23325,22075,7954,4651,47,
122209,0,57,41,53619,115343,30659,26548,24191,10941,15190,4160,47,
122210,0,57,57,40907,16715,19877,10887,8124,13192,12191,6251,47,
122211,0,64,56,316530,100813,4559,17038,18165,24056,9807,2598,74,
122212,0,66,47,148980,95718,9086,3121,2341,9592,2736,1007,74,
122213,0,70,60,79795,45559,96222,9655,24928,24186,4620,1974,74,
122214,0,60,40,1015182,310760,10526,46269,59814,22240,11124,5951,74,
122215,0,48,37,175264,74997,4731,6554,14089,2839,4811,3445,74,
122216,0,44,51,360121,53132,11392,11286,7447,4873,1752,1739,74,
122217,0,44,47,483245,64142,58415,9815,22225,18435,15499,6070,74,
122218,0,40,50,581377,175403,20450,18043,11375,5642,8375,6088,46,
122219,0,38,60,524813,318394,75157,30193,36292,10603,14397,4272,40,
122220,0,35,64,148903,67251,30990,11537,4299,4804,3721,2178,60,
122221,0,35,63,526876,77894,42588,23419,32475,17111,25038,4135,60,
122222,0,50,87,168480,8044,19961,21681,6755,11669,5430,3218,35,
122223,0,57,80,1291998,176853,13187,23205,21870,23598,7769,9127,35,
122224,0,64,69,61989,86454,13394,13193,10107,13032,5396,3297,35,
122226,0,67,69,11693,37166,15994,18825,10957,15409,8270,2035,35,
122227,0,70,54,435076,13644,27589,29750,23678,16559,4975,3911,35,
122228,0,74,69,32803,42602,44669,13489,11752,14410,7579,3571,35,
122229,0,77,61,422792,41790,10713,11619,15060,24242,7473,3061,35,
122230,0,69,74,314335,194219,8482,29760,19161,13970,7173,4226,35,
122232,0,69,56,69143,57287,16301,7550,15067,20371,8092,2620,35,
122233,0,51,26,242649,134316,18935,19723,22047,17973,17415,3789,35,
122234,0,50,27,582336,199736,36456,15632,24815,11758,11436,5224,35,
122235,0,44,35,362093,161425,63747,29660,31812,30740,18718,6641,35,
122236,0,48,53,478105,149443,54854,12925,9019,12384,8158,6033,35,
122237,0,50,41,650147,89286,6057,3389,3950,13524,16421,5803,35,
122238,0,50,56,743170,332489,216294,21275,26336,23619,43135,26497,35,
122239,0,51,51,575280,77569,17373,15575,34359,17958,12714,5832,35,
122240,0,63,54,46012,27710,16884,26400,25484,21753,6282,3060,35,
122241,0,61,63,573725,123478,17947,11454,18970,16567,9014,5703,35,
122242,0,70,57,1182571,61334,22638,18212,11031,19006,7678,5902,35,
122243,0,70,67,11208,31412,16432,9238,4183,8716,4310,3988,52,
122244,0,66,48,100543,62241,7366,1634,13461,8318,3316,2235,45,
122245,0,69,66,171137,18090,11668,19813,5928,9711,7307,2292,45,
122246,0,78,61,52459,10444,6337,2371,8028,12168,11740,11450,45,
122247,0,70,48,511278,261144,17800,35701,14632,18198,11116,4920,45,
122249,0,70,77,46453,40345,55470,7049,7171,14710,5098,5324,45,
122250,0,48,74,749285,225716,20780,29838,61156,26331,23232,4187,62,
122251,0,57,87,179702,12974,17795,8271,11737,9948,2045,778,62,
122253,0,53,88,17475,27711,27132,42888,7373,7462,6796,4386,78,
122254,0,57,66,2077626,269063,10966,34399,16634,16414,10183,15151,78,
122256,0,47,53,457771,103550,15753,8449,12611,5954,4071,2174,78,
122257,0,43,38,7661,11362,9678,6189,6342,3255,5302,3731,78,
122258,0,41,51,83212,64370,23619,11764,4864,4458,13462,6301,77,
122259,0,47,56,265250,56825,17653,5279,13983,6656,6133,1044,77,
122300,0,43,56,464818,216755,5308,45557,19122,11664,9245,3941,77,
122301,0,41,60,65920,13571,11145,16253,7640,4509,3920,2845,77,
122302,0,50,64,24271,25956,12857,21880,11637,9208,7861,8019,77,
122303,0,51,77,45939,51633,45161,34333,25529,16206,6791,5917,77,
122304,0,56,90,537951,85428,29777,62860,31548,13731,5245,5422,77,
122305,0,60,83,629066,30739,17761,13344,18948,9793,13745,7065,74,
122306,0,53,87,487990,141129,144945,41386,15838,17885,13414,8033,74,
122307,0,60,74,59434,23243,6685,8113,23315,11749,8793,4987,74,
122308,0,64,75,70818,16200,18009,14796,17136,8931,10402,3770,74,
122309,0,66,69,13436,33103,10971,6052,9160,9929,7887,7682,44,
122310,0,74,60,654477,96149,43311,11323,22611,22151,6891,2668,44,
122311,0,61,61,238656,90385,12697,18037,12308,7597,16321,4011,44,
122312,0,57,44,101364,82474,7524,14878,13950,12287,3528,623,77,
122313,0,50,51,448049,206348,142587,48729,25374,22753,15945,6457,77,
122313,0,60,57,15890,4453,1501,12967,4701,12081,8037,2555,77,
122314,0,70,69,16738,14046,15409,15506,15954,14171,8176,5054,77,
122315,0,78,84,12123,12504,15394,11233,9542,10155,6858,2912,77,
122317,0,88,90,26652,6945,8930,11714,6877,6329,6947,2992,77,
122317,0,80,96,38632,8382,28656,27292,26620,12766,6608,3906,77,
122318,0,70,100,11230,15078,39427,3813,5699,6342,11616,5576,77,
122319,0,67,97,19403,18585,10162,13993,21503,6564,7243,14263,77,
122320,0,54,69,264693,87793,4945,7071,27746,3577,7591,2872,77,
122321,0,57,64,22291,17775,7072,21581,5099,14039,12368,3149,77,
122322,0,60,60,15381,24998,12588,26560,10502,10199,2620,4593,77,
122323,0,66,61,21280,8698,8096,10166,12538,8404,4907,2075,44,
122324,0,66,75,204647,14823,1779,3927,4752,817,378,752,44,
122325,0,64,61,115536,37745,9461,5913,15478,13101,5937,12253,44,
122326,0,69,61,73042,31923,61681,8982,21045,27886,20114,10187,44,
122328,0,60,61,789942,147631,87507,50189,82510,23050,8513,5048,44,
122329,0,60,69,65949,32035,19604,12701,5857,13861,6813,5829,44,
122330,0,53,64,288200,71893,51106,5234,11894,15035,12520,5220,70,
122331,0,47,64,193718,229653,134520,35954,31015,11356,6700,4860,70,
122332,0,56,74,875626,66357,34555,9276,12172,24433,21660,3546,70,
122333,0,53,74,84654,76795,19594,79265,37230,19120,12817,9101,70,
122335,0,56,67,196554,61852,14730,14366,16862,17849,9143,9323,70,
122336,0,57,54,507093,120892,20080,29713,34001,19557,16180,12603,70,
122337,0,53,43,491076,51787,11225,3928,6196,3870,1030,750,40,
122338,0,43,38,141110,168436,4459,39256,16393,7931,13606,12831,40,
122339,0,44,50,968473,125749,35130,88030,30307,23793,9792,7060,35,
122340,0,50,43,117952,12433,2988,507,2068,3937,1779,1690,70,
122341,0,66,43,316908,42528,12283,7435,19842,33522,9686,4573,70,
122342,0,77,44,241799,81584,19973,8718,13597,18569,7314,4314,70,
122343,0,70,35,588105,229813,49865,48934,60493,15903,14623,4397,70,
122344,0,67,41,148457,104021,8954,33747,10858,20994,14740,5346,70,
122345,0,48,35,196515,151317,17731,6446,23599,5876,10375,3443,70,
122346,0,48,38,70016,54901,23863,4326,9198,13208,7318,3645,77,
122347,0,47,43,126540,204490,108475,27042,32576,15270,16335,2532,33,
122348,0,43,50,97955,79768,19607,56590,37774,14987,16047,3120,33,
122349,0,57,70,51331,21521,11450,35395,19246,16788,7812,4552,33,
122350,26,47,54,2114574,608378,32562,27342,113360,18613,17405,8649,142,
122351,0,47,54,597604,6857,4402,4249,5122,6096,1810,566,142,
122352,0,51,41,186731,45404,2129,9054,9266,5570,4489,814,142,
122353,0,48,41,86114,111550,45406,21067,6116,9549,17742,7827,142,
122354,0,34,21,309997,238709,7493,33456,19844,10213,6141,4779,142,
122355,0,47,53,11495,9074,16403,26889,13675,8651,5114,2958,142,
122356,0,48,66,63315,17833,2922,14202,9290,4406,4075,3336,63,
122357,0,51,57,708667,143664,17123,37104,42208,15995,12785,5291,63,
122358,0,60,83,283030,9381,10049,7047,3747,2710,1583,2119,63,
122359,0,63,66,533872,34796,7093,21566,30012,18694,20197,6404,63,
122400,0,60,77,41777,81463,99414,43295,12957,19317,14266,6669,63,
122401,0,53,66,620648,430203,37006,14334,22223,15330,24212,4699,63,
122402,0,56,47,1115748,95348,2103,26806,21267,20156,16536,2977,63,
122403,0,44,35,1286194,286087,14709,20665,6478,22265,22485,5886,63,
122404,0,47,14,534955,60839,9057,10323,22661,7773,8258,5205,63,
122405,0,53,30,88711,77104,41161,8544,12763,9684,6427,4608,58,
122406,0,43,37,3475029,196820,49729,16854,13895,9411,5006,3022,58,
122408,0,44,63,37011,18618,15987,23545,12018,5963,8499,7984,58,
122409,0,54,63,312561,34530,5466,9783,8079,14517,5873,8518,58,
122410,0,63,60,30797,61165,6506,15798,13365,10900,9725,3376,45,
122412,0,63,38,1021461,121000,19279,9582,39423,13432,9239,11769,62,
122413,0,44,35,173190,192116,31158,8626,4309,16237,11889,8759,62,
122414,0,47,40,14114,36408,17866,8861,17246,9536,4949,4008,62,
122415,0,54,50,18781,14820,9351,2990,7924,9135,11427,1812,62,
122416,0,70,47,19682,14670,8524,2982,17948,7723,3452,3029,62,
122417,0,74,47,246575,134195,11474,20562,20728,14742,8694,5840,62,
122418,0,63,27,344029,80955,3398,4174,5550,2928,3439,1392,60,
122419,0,53,34,129479,97554,47710,15561,4483,12538,13092,3578,60,
122420,0,53,38,26959,44290,8386,26153,18393,25706,10475,8110,60,
122421,0,54,51,69453,54668,39415,9622,4569,11703,11399,3133,60,
122422,0,53,57,793733,200224,26561,9369,6911,6469,2330,2047,60,
122423,0,56,56,247698,55003,24749,20207,18413,13591,7204,18341,60,
122424,0,48,54,75824,53066,15303,10235,7014,8561,7878,7938,60,
122425,0,44,37,272811,285419,23251,22794,42105,21075,9556,2827,74,
122426,0,50,48,132526,268558,117313,11554,15404,22915,18662,3859,60,
122427,0,51,47,285405,72526,37797,22961,31617,20495,12048,4825,60,
122428,0,50,57,307913,50173,64291,5944,15707,12838,7526,4701,60,
122429,0,57,75,582468,81964,57874,22408,15542,28830,12769,7321,58,
122430,0,60,66,724686,91587,18533,7828,15086,8323,6013,3855,70,
122431,0,63,57,387383,34005,6924,6024,7760,12230,6924,2878,70,
122432,0,61,50,303265,109626,49861,8243,18189,12959,5288,17279,70,
122433,0,69,43,29135,13563,6562,6792,8093,18174,3714,1264,70,
122435,0,74,48,260192,90686,12661,26892,10500,13666,12520,7622,70,
122436,0,83,60,342022,18875,9028,10704,3298,8834,6776,7594,70,
122437,0,75,50,485332,125124,8591,16881,23412,27029,18906,22466,70,
122438,0,77,57,568031,31195,42110,6927,28516,13123,13066,9682,70,
122439,0,75,66,150809,18456,8471,34501,12082,16099,5407,5201,70,
122440,0,77,75,13118,3032,11180,2597,4218,5024,3086,3989,70,
122441,0,77,91,34695,18542,9327,17178,10880,7506,7560,2948,70,
122442,0,81,100,52654,4685,31142,14538,13415,17926,9127,4812,70,
122443,0,80,96,30740,13595,13671,15670,17943,9218,13602,4131,70,
122445,0,84,78,71699,29123,5749,7331,6893,18501,11023,1607,70,
122446,0,88,64,316009,16007,10458,11840,20912,23036,14991,4378,70,
122448,0,91,61,25608,11191,5638,18389,17087,14177,6431,3132,70,
122449,0,90,53,34235,15581,4560,3089,9745,6167,3006,2312,70,
122450,0,87,54,26870,19541,11528,27524,41429,22360,15602,7075,70,
122451,0,88,61,14092,12483,25910,7501,4616,18657,9305,7178,70,
122452,0,88,64,1151839,45432,9136,23721,8430,27949,8981,6668,70,
122453,0,87,69,13717,37298,3647,13024,6875,11201,4779,3698,70,
122454,0,74,80,27825,19462,17978,15884,6873,3693,3698,1760,70,
122455,0,74,64,16099,12408,4424,6264,14663,10258,4869,4486,70,
122456,0,60,69,237754,63998,53840,7131,14261,6217,9135,3123,70,
122457,0,63,70,6033,16533,7202,4186,5937,8977,4775,11490,70,
122458,0,69,54,220578,26715,2386,10113,11848,7523,9315,4465,70,
122459,0,64,48,1054866,178430,23922,8169,15054,32812,18821,3569,70,
122500,0,78,34,292577,43233,10982,5226,16539,18903,15906,2942,70,
122501,0,80,34,7174,29470,11439,9400,13142,21466,19599,2470,70,
122502,0,74,29,149655,133636,8474,24751,18151,12669,13288,4019,70,
122503,0,66,37,121931,85828,18095,8505,10538,8716,12812,14129,70,
122504,0,63,26,486811,144186,1960,17968,42714,31861,22807,8656,70,
122505,0,56,30,717164,23456,8695,12992,9286,7645,3415,3400,70,
122506,0,64,48,24583,18048,38435,16200,31561,14536,22927,2463,39,
122508,0,61,54,307625,196064,74947,42985,46994,16699,35304,7155,39,
122509,0,69,78,24481,22453,5029,12163,6680,11504,14090,3706,39,
122510,0,69,63,2261033,397890,47444,79045,140160,108921,2454,1828,39,
122512,0,88,50,615214,34001,5123,8856,24360,35928,12449,4937,39,
122513,0,75,43,179322,49402,20048,27877,22475,11059,18405,14467,39,
122514,0,70,56,6484,43717,18809,22453,9240,12037,6891,5244,39,
122515,0,64,67,12447,28341,5122,16656,6438,15470,15423,6634,39,
122516,0,64,83,66042,38926,66175,46318,18904,19211,8833,4416,39,
122517,0,75,90,8896,5132,44988,1261,17757,21629,14474,12098,39,
122518,0,77,80,192250,105490,15166,22534,25041,23752,5613,5921,39,
122519,0,83,75,23469,17367,12372,7153,15207,30442,13116,7703,39,
122520,0,83,54,506905,62630,12280,8606,17270,13020,9686,4530,39,
122521,0,74,38,1780937,122525,11767,32554,19604,17581,14285,9380,39,
122522,0,81,56,53410,4710,17113,25250,5985,26018,22714,11970,39,
122523,0,80,50,33919,20152,8658,1844,23411,20077,13544,8839,39,
122524,0,87,61,3859,8995,9136,6688,5757,10101,12357,2913,39,
122525,0,97,70,12821,13629,2641,24858,3564,23793,10750,5335,39,
122526,0,100,57,25635,16081,12450,4813,13183,23101,15278,8896,39,
122528,0,91,83,88145,25361,40603,29012,7661,19942,31279,3573,39,
122529,0,60,80,52340,52944,31148,7082,10596,12027,3948,3156,39,
122530,0,47,91,178337,50373,64279,14481,18960,14487,13525,5558,39,
122531,0,44,53,415460,115988,4237,2062,14678,19083,6335,4505,39,
122532,0,67,47,51755,26746,8557,10888,2915,27562,6173,3876,39,
122533,0,80,38,35430,7636,1104,3681,9570,7266,17860,4451,39,
122534,0,78,35,111133,15353,3140,11573,5729,2934,4112,5707,39,
122535,0,69,50,736972,277509,32701,27426,36688,17055,9846,11735,39,
122536,0,61,44,111299,52397,5445,11050,15340,12020,12103,6555,39,
122537,0,60,51,3217,6278,7754,5078,15267,9498,5006,5811,39,
122538,0,61,43,6560,41024,9169,16427,30293,7872,10985,2302,39,
122539,0,66,44,153384,208001,31052,21063,12169,29065,15698,6929,39,
122540,0,63,53,138974,222756,99761,59946,44981,31041,13051,4995,39,
122541,0,44,43,726522,257746,22166,20677,22744,12609,6308,3930,39,
122542,0,47,50,105133,25790,12702,16334,14946,8746,24240,15725,39,
122543,0,50,67,49355,24399,55056,17313,18548,15120,12172,10499,39,
122545,0,50,60,146888,21120,3787,1873,1944,2646,3205,1656,39,
122546,0,64,57,1000,8448,9372,1716,4950,5863,7511,4665,43,